fgID,Year,Player,Age,All_Star,MVP_Pts,Hitter,Pitcher,fWAR_1,bWAR_1,fWAR_2_3,bWAR_2_3,DP_Comp,Contract_Years,Dollars,PV_Dollars
1267,2009,Chan Ho Park,36,1,0,0,1,0.1,1.2,0.7,-0.7,0,1,2.5,3.56
7293,2017,Brad Ziegler,37,0,0,0,1,1.4,2.2,0.7,2.5,0,2,16,18.01
4788,2010,Matt Capps,26,0,0,0,1,-0.1,-1.1,3.1,3.8,0,1,3.5,4.84
9744,2019,Justin Bour,31,0,0,1,0,0.4,0.2,3.6,3.7,0,1,2.5,2.65
1041,2007,Ryan Klesko,36,1,0,1,0,0.2,0.2,3.2,2.9,0,1,1.75,2.65
1488,2013,Andres Torres,35,0,0,1,0,1.5,1.5,8.4,6.3,0,1,2,2.53
2265,2011,Matt Treanor,35,0,0,1,0,-0.2,-0.4,-1.2,-0.2,0,1,0.85,1.14
4300,2014,Matt Albers,31,0,0,0,1,0.3,0.6,-0.4,1.1,0,1,2.45,3.01
1112,2007,Pedro Feliz,32,0,0,1,0,1.5,1.8,3.5,2.9,0,1,5.1,7.71
1120,2007,Ramon Martinez,34,0,0,1,0,0,-0.5,-1.2,-0.9,0,1,0.85,1.29
6902,2019,Martin Perez,28,0,0,0,1,-0.1,-1,4.5,4.4,0,1,3.5,3.71
1305,2011,Eric Hinske,33,0,0,1,0,0.6,0.3,2.7,1.8,0,1,1.45,1.95
157,2011,Melvin Mora,39,1,0,1,0,0.1,0,3.4,1.9,0,1,2,2.69
55,2008,Luis Gonzalez,40,1,0,1,0,0.6,0.2,3.5,3.6,0,1,2,2.94
2203,2014,Ronald Belisario,31,0,0,0,1,0.3,-0.5,0.9,1.6,0,1,3,3.69
989,2008,Josh Fogg,31,0,0,0,1,1.3,0.9,2.2,-0.4,0,1,1,1.47
9927,2019,Brett Gardner,35,1,0,1,0,2.6,3.3,6.6,8.1,0,1,7.5,7.96
8252,2020,Hunter Pence,37,1,0,1,0,1.8,1.6,0,-0.8,0,1,3,3.09
4747,2018,Curtis Granderson,37,1,4,1,0,2.1,1.6,8.5,7.9,0,1,5,5.46
1825,2012,David DeJesus,32,0,0,1,0,1.7,1.1,6.1,4.1,0,2,10,13.05
1451,2012,Aaron Harang,34,0,0,0,1,1.4,1.2,3,0.2,0,2,12,15.66
3240,2019,Zack Britton,31,1,11,0,1,0.1,0.7,3.1,5.2,0,3,39,41.38
773,2011,Scott Downs,35,0,0,0,1,1.1,1.8,1.8,3.6,1,3,15,20.16
4606,2012,Chris Snyder,31,0,0,1,0,0.8,0.8,1.9,-0.1,0,1,0.75,0.98
1793,2011,Kevin Gregg,33,0,0,0,1,0.7,1,0.6,1,0,2,10,13.44
6201,2013,Nate Schierholtz,29,0,0,1,0,0.6,0.7,2,1.5,0,1,2.23,2.82
4810,2019,Brian McCann,35,1,0,1,0,0.1,0.9,4.3,1.6,0,1,2,2.12
976,2010,Randy Wolf,33,1,0,0,1,3,3.9,4.4,1.9,0,3,29.75,41.18
1312,2009,Brandon Lyon,29,0,0,0,1,0.7,0.1,2.2,3.1,0,1,4.25,6.06
4849,2017,Joe Blanton,36,0,0,0,1,0.7,1.9,1.1,1.3,0,1,4,4.5
19,2007,Adam Kennedy,31,0,0,1,0,1,0.9,6.5,7.2,1,3,10,15.13
1433,2017,Wilson Ramos,29,1,6,1,0,3.6,3,0.5,2.4,0,2,12.5,14.07
790,2010,Carl Pavano,34,1,0,0,1,3.5,1,0.3,0,0,1,7,9.69
962,2013,Brett Myers,32,0,0,0,1,0.1,0.7,5.5,5.3,0,1,7,8.87
7539,2018,Neil Walker,32,0,0,1,0,2.2,1.9,6.2,4.4,0,1,4,4.37
5164,2011,Alfredo Aceves,28,0,0,0,1,0,0.1,1.5,3.1,0,1,0.65,0.87
1702,2013,Reed Johnson,36,0,0,1,0,0.6,0.3,1.4,0.7,0,1,1.75,2.22
934,2011,Carlos Pena,33,1,44,1,0,1,2.1,6.6,8.2,0,1,10,13.44
3283,2011,Hiroki Kuroda,36,0,0,0,1,4.2,3.6,5.4,3.3,0,1,12,16.13
1855,2012,Shawn Camp,36,0,0,0,1,0.3,0.2,0.7,2.4,0,1,0.75,0.98
578,2010,Billy Wagner,38,1,0,0,1,0.3,0.4,2.8,2.7,1,1,7,9.69
8223,2016,Brett Anderson,28,0,0,0,1,1.5,1.5,1.3,0.4,1,1,15.8,18.32
242,2014,Paul Konerko,38,1,11,1,0,-1.5,-1.3,4.8,4.8,0,1,2.5,3.07
9549,2019,David Freese,36,1,0,1,0,2,1.7,3.4,3.9,0,1,4.5,4.77
4338,2018,Tyler Chatwood,28,0,0,0,1,1.1,2.2,2,3.3,0,3,38,41.52
6244,2013,Tom Gorzelanny,30,0,0,0,1,0.1,1.1,2.5,2.5,0,2,5.7,7.22
4505,2016,Jordan Zimmermann,30,1,0,0,1,3.1,3.1,9.2,8.2,1,5,110,127.52
3283,2012,Hiroki Kuroda,37,0,0,0,1,2.9,3.4,6.4,4.1,0,1,10,13.05
5827,2020,Wilmer Flores,28,0,0,1,0,1.1,0.9,1.4,0.6,0,2,6.25,6.44
4363,2015,Craig Breslow,34,0,0,0,1,-0.9,-1.3,1.1,2.7,0,1,2,2.39
2608,2018,Jhoulys Chacin,30,0,0,0,1,2.3,2.6,1.9,0.6,0,2,15.5,16.94
411,2010,Omar Vizquel,43,1,0,1,0,0.9,0.9,1.1,0.2,0,1,1.38,1.91
5879,2013,Jeff Karstens,30,0,0,0,1,1.8,1,1.5,3.4,0,1,2.5,3.17
8173,2018,Yovani Gallardo,32,1,0,0,1,0,-0.3,3.2,4,0,1,2,2.19
11265,2020,Jonathan Schoop,28,1,19,1,0,1.3,1.6,4.2,8.1,0,1,6.1,6.28
1660,2010,Jose Contreras,38,1,0,0,1,2.1,0.7,4.4,2.6,0,1,1.5,2.08
5227,2017,Jon Jay,32,0,0,1,0,0.9,1.2,1.4,2.7,0,1,8,9
8779,2020,Wade Miley,33,1,0,0,1,2,1.6,2.2,1.3,0,2,15,15.45
3536,2012,Eli Whiteside,32,0,0,1,0,1.2,-0.5,1,0.3,0,1,0.6,0.78
8645,2011,Bobby Jenks,30,1,0,0,1,1.4,0.3,1.4,3.4,0,2,12,16.13
650,2007,Eric Gagne,31,1,30,0,1,0,0.1,3.8,2.6,0,1,6,9.08
13071,2016,Wei-Yin Chen,30,0,0,0,1,2.8,3.4,4.3,3.5,1,5,80,92.74
1122,2014,Joe Nathan,39,1,0,0,1,2.4,3.2,1.6,1.7,0,2,20,24.6
6021,2009,Takashi Saito,39,1,0,0,1,1.6,1.4,5.2,6.7,0,1,1.5,2.14
2391,2020,Hector Rondon,32,0,0,0,1,-0.2,0.7,1.6,1.1,0,1,3,3.09
1076,2007,Ryan Franklin,34,0,0,0,1,-0.6,0.7,2.2,2.3,0,1,1,1.51
2103,2012,Josh Willingham,33,0,0,1,0,2.1,2.3,4.9,5.3,1,3,21,27.4
3704,2014,Skip Schumaker,34,0,0,1,0,-0.9,-1.3,1,1.7,0,2,5,6.15
3132,2018,Tony Watson,33,1,0,0,1,0.1,0.9,1.2,3.7,0,3,9,9.83
607,2014,Raul Ibanez,42,1,1,1,0,0.8,0.7,-1.4,-1.3,0,1,2.75,3.38
3035,2015,Michael Morse,33,0,0,1,0,1.6,0.9,-0.8,-1,0,2,8,9.55
1572,2010,Coco Crisp,30,0,0,1,0,1.3,1.4,6,4.6,0,1,5.25,7.27
3886,2016,Gavin Floyd,33,0,0,0,1,0.1,0.2,0.8,0.9,0,1,1,1.16
11737,2020,Nick Castellanos,28,0,0,1,0,2.8,2.7,4.5,3.7,0,4,64,65.92
4316,2019,Daniel Murphy,34,1,248,1,0,0.8,-0.5,10,7.7,0,2,24,25.46
2434,2015,Nelson Cruz,34,1,102,1,0,3.9,4.5,2.7,2.9,1,4,57,68.06
3353,2020,Matt Joyce,35,1,0,1,0,1.2,0.7,2.9,2,0,2,17.5,18.03
4969,2017,Luis Valbuena,31,0,0,1,0,2.2,2.3,4.8,5.1,0,2,15,16.88
1830,2012,Clint Barmes,33,0,0,1,0,2.7,3.4,1.8,3.3,0,2,10.5,13.7
1698,2012,Gerald Laird,32,0,0,1,0,-0.1,-0.4,-3.9,0.9,0,1,1,1.3
4106,2019,Michael Brantley,32,1,0,1,0,3.5,3.7,1.4,2.4,0,2,32,33.95
1591,2007,Jamey Carroll,33,0,0,1,0,2.7,3.3,1.5,1.8,0,2,4,6.05
3269,2014,Robinson Cano,31,1,411,1,0,5.9,6.6,12.5,14.3,1,10,240,295.17
1551,2015,David Ross,38,0,0,1,0,1.1,-0.3,4.1,1.7,0,2,5,5.97
1256,2009,Gabe Kapler,33,0,0,1,0,1.7,1.9,0.1,0.5,0,1,1,1.43
7870,2019,Jonathan Lucroy,33,1,0,1,0,0.6,-0.6,4.6,4.2,0,1,3.35,3.55
3035,2014,Michael Morse,32,0,5,1,0,-1.4,-1.5,3.4,3.9,0,1,6,7.38
6368,2019,Adam Jones,33,1,0,1,0,0.4,0.3,3.7,4.3,0,1,3,3.18
932,2007,Mark Mulder,29,1,0,0,1,-0.5,-1.8,4.3,5.7,0,2,13,19.66
1124,2007,Russ Ortiz,33,1,0,0,1,-1,-1.3,1.3,0.1,0,1,0.38,0.57
2502,2018,Lucas Duda,32,0,0,1,0,1.2,1.6,3.3,2.9,0,1,3.5,3.82
144,2011,Jerry Hairston Jr.,35,0,0,1,0,1.5,1.2,3.5,3,0,1,2,2.69
3708,2016,Rajai Davis,35,0,0,1,0,1,1.6,3.4,3.2,0,1,5.25,6.09
11836,2020,Taijuan Walker,27,0,0,0,1,0,0.1,2.6,2.8,0,1,2,2.06
232,2009,Jon Garland,29,1,0,0,1,1.3,0.8,7.1,7.6,0,1,7.25,10.34
1116,2008,Livan Hernandez,33,1,0,0,1,0.2,1.4,4.3,4.7,0,1,5,7.34
8392,2017,Daniel Descalso,30,0,0,1,0,0.6,0.5,-1.1,-0.8,0,1,1.5,1.69
5640,2020,Tyler Clippard,35,1,0,0,1,0.7,1.3,0.7,1.5,0,1,2.75,2.83
950,2010,Marlon Byrd,32,0,0,1,0,1.3,2.2,5.6,6.7,0,3,15,20.76
1885,2011,Brad Hawpe,32,1,1,1,0,0.2,-0.4,0.4,1.4,0,1,3,4.03
555,2010,Octavio Dotel,36,0,0,0,1,0.7,1.3,0.9,0.9,0,1,3.5,4.84
1844,2008,Aaron Miles,31,0,0,1,0,-0.1,-0.1,-1.4,-1.1,0,1,1.4,2.06
7474,2014,Ryan Webb,28,0,0,0,1,0.5,1.1,1,1.3,0,2,4.5,5.53
29,2008,Troy Percival,38,1,0,0,1,0.7,1.2,-0.6,-0.4,0,2,8,11.75
3273,2013,Roberto Hernandez,32,1,0,0,1,-0.3,-0.5,4.4,1.9,0,1,3.25,4.12
4064,2017,Brian Duensing,34,0,0,0,1,0.1,0.2,-0.5,1.5,0,1,2,2.25
98,2010,Ryan Langerhans,30,0,0,1,0,0.7,0.2,-0.2,-0.9,0,1,0.53,0.73
8001,2015,Hanley Ramirez,31,1,58,1,0,3.7,3.7,7.8,6.5,1,4,88,105.08
766,2009,Orlando Cabrera,34,0,5,1,0,3.3,2.6,7.4,6.4,1,1,4,5.7
6797,2020,Julio Teheran,29,1,0,0,1,1.6,2.8,1.7,3.3,0,1,9,9.27
8241,2015,David Robertson,30,1,0,0,1,1.4,1.2,2.9,4,1,4,46,54.93
144,2010,Jerry Hairston Jr.,34,0,0,1,0,0.8,1,2,2.1,0,1,2.13,2.95
2918,2013,Angel Pagan,31,0,1,1,0,4.6,4.2,5.8,6.3,0,4,40,50.67
3990,2014,Edinson Volquez,30,1,0,0,1,0.8,-2.3,1.2,-0.5,0,1,5,6.15
11713,2019,Matt Harvey,30,1,0,0,1,1.6,0.9,0.9,-1.1,0,1,11,11.67
3179,2014,Dioner Navarro,30,1,0,1,0,1.9,1.9,0.1,0.2,0,2,8,9.84
14444,2019,Hyun-Jin Ryu,32,0,0,0,1,1.9,2.2,0.6,1.1,1,1,17.9,18.99
6249,2016,Trevor Cahill,28,1,0,0,1,0.1,-0.3,1.3,-0.8,0,1,4.25,4.93
10233,2017,Aroldis Chapman,29,1,0,0,1,2.7,2.6,5.3,4.7,0,5,86,96.79
182,2009,Tony Clark,37,1,0,1,0,-0.1,-0.2,-0.9,-1.1,0,1,0.8,1.14
8581,2008,Tadahito Iguchi,33,0,0,1,0,1.6,1.3,5,5,0,1,4,5.87
949,2009,Pat Burrell,32,0,0,1,0,2.3,2.4,3,2.6,0,2,16,22.81
2170,2011,Chad Qualls,32,0,0,0,1,0,-2.9,2.8,2.5,0,1,1.5,2.02
550,2011,Geoff Blum,38,0,0,1,0,0,0.2,1.3,-0.1,0,2,2.7,3.63
8044,2018,Jason Vargas,35,1,0,0,1,1.8,4.2,0.8,1,0,2,16,17.48
3321,2016,Darren O'Day,33,1,0,0,1,1.8,2.7,1.6,4.3,0,4,31,35.94
10586,2018,Addison Reed,29,0,0,0,1,0.9,2.3,3.4,3.3,0,2,16.75,18.3
4759,2013,Jonathan Broxton,29,1,0,0,1,1.1,1.7,0.7,-0.2,0,3,21,26.6
61,2008,Byung-Hyun Kim,29,1,0,0,1,-0.2,-1,3.7,2,0,1,0.85,1.25
7476,2017,Alex Avila,30,1,0,1,0,0.6,1,1.3,2.1,0,1,2,2.25
8362,2020,Homer Bailey,34,0,0,0,1,2.9,2,0.7,-2.4,0,1,7,7.21
60,2009,Randy Johnson,45,1,0,0,1,3.6,3.2,4.9,3.1,0,1,8,11.41
1564,2011,Jack Cust,32,0,0,1,0,2.2,2.3,2.8,3.7,0,1,2.5,3.36
514,2010,Ramon Castro,34,0,0,1,0,0,-0.1,1,1.2,0,1,1,1.38
1042,2009,Mark Kotsay,33,0,0,1,0,0.2,0.5,-1.3,0.1,0,1,1.5,2.14
855,2007,David Wells,44,1,0,0,1,0.9,0.9,6.1,5.8,0,1,3,4.54
1095,2010,Scott Podsednik,34,1,0,1,0,2,1.3,-0.6,0.3,0,1,1.75,2.42
4806,2016,Rich Hill,36,0,0,0,1,1.2,1.6,0.3,-1.1,0,1,6,6.96
746,2011,A.J. Pierzynski,34,1,0,1,0,1.1,1,3.4,2.4,1,2,8,10.75
1437,2018,Joaquin Benoit,40,0,0,0,1,0.2,0,0.8,2.9,0,1,1,1.09
1228,2007,Jorge Sosa,30,0,0,0,1,-0.9,-0.7,1.3,3,0,1,1.25,1.89
25,2008,José Molina,33,0,0,1,0,-0.2,-0.1,1.5,0.9,0,2,4,5.87
4020,2018,Yusmeiro Petit,33,0,0,0,1,2.1,1.6,-0.3,0.7,0,2,10,10.93
1852,2012,Ryan Madson,31,0,0,0,1,1.8,2.1,2.4,2.7,1,1,8.5,11.09
918,2012,Ramon Hernandez,36,1,0,1,0,1,1.3,2.4,0.2,0,2,6.4,8.35
10261,2015,Alexi Ogando,31,1,0,0,1,0,-0.6,1.9,3.5,0,1,1.5,1.79
2396,2018,Carlos Santana,32,0,0,1,0,2.9,3.4,5.4,4,1,3,60,65.56
14444,2020,Hyun-Jin Ryu,33,1,3,0,1,4.8,4.8,2.5,3.6,0,4,80,82.4
267,2007,Joe Borowski,36,0,0,0,1,0.7,1,-0.2,-0.4,1,1,4.25,6.43
2197,2012,Grady Sizemore,29,1,0,1,0,0.2,0.2,1.9,1.8,0,1,5,6.52
1213,2007,Aubrey Huff,30,0,0,1,0,1.1,1,4.7,5.1,1,3,20,30.25
2265,2012,Matt Treanor,36,0,0,1,0,-1,0.5,-0.5,-0.8,0,1,0.85,1.11
1818,2010,Bobby Crosby,30,0,0,1,0,-0.6,-1.1,1.3,1.4,0,1,1,1.38
2530,2018,Yonder Alonso,31,1,0,1,0,2.4,2.1,0.8,1.7,0,2,16,17.48
9134,2020,Tyler Flowers,34,0,0,1,0,2.1,-0.3,7,2.8,0,1,4,4.12
4892,2020,Mike Moustakas,31,1,0,1,0,2.8,2.8,4.4,4.1,0,4,64,65.92
3711,2020,Eric Thames,33,0,0,1,0,1.9,1.6,3.1,1.3,0,1,4,4.12
964,2010,Vicente Padilla,32,1,0,0,1,1.6,1.9,2.1,0.4,0,1,5.03,6.96
6785,2019,Andrew Miller,34,1,0,0,1,0.4,0.2,5.2,6.8,0,2,25,26.52
3190,2013,Nate McLouth,31,1,0,1,0,0.6,0.4,-1.4,-2.4,0,1,2,2.53
1070,2010,Mike Cameron,37,1,0,1,0,4.1,3,5.9,6.3,0,2,15.5,21.46
1017,2012,Jack Wilson,34,1,0,1,0,0.2,1.2,1.9,4.9,0,1,1,1.3
9817,2018,Sergio Romo,35,1,0,0,1,0.3,0.5,1.9,1.6,0,1,2.5,2.73
45,2007,Rod Barajas,31,0,0,1,0,1.1,1.1,2.7,1.9,0,1,2.5,3.78
746,2013,A.J. Pierzynski,36,1,0,1,0,3.3,3.3,3,1.6,0,1,7.5,9.5
9874,2019,DJ LeMahieu,30,1,8,1,0,2.1,2.5,6.4,8.5,0,2,24,25.46
13807,2020,Kevin Plawecki,29,0,0,1,0,0.2,-0.1,0.2,1.8,0,1,0.9,0.93
17642,2020,JT Riddle,28,0,0,1,0,-0.6,-0.6,0.6,2.3,0,1,0.85,0.88
1489,2008,Josh Towers,31,0,0,0,1,0.6,-0.9,3.1,0.6,0,1,0.4,0.59
3840,2019,Zach Duke,36,1,0,0,1,0.9,0.1,1.1,2.3,0,1,2,2.12
3281,2014,Joe Smith,30,0,0,0,1,0.5,1.8,2.1,3.5,0,3,15.75,19.37
12859,2019,James McCann,29,0,0,1,0,-0.7,-0.8,1.3,2.3,0,1,2.5,2.65
3086,2017,Mitch Moreland,31,0,0,1,0,0,1,1.7,1.9,0,1,5.5,6.19
1845,2012,Jonny Gomes,31,0,0,1,0,1.2,0.2,0.8,0,0,1,1,1.3
1854,2008,Kazuo Matsui,32,0,0,1,0,2.7,3.4,0.5,0,0,3,16.5,24.23
1298,2010,Kelvim Escobar,34,0,0,0,1,0.1,0.1,4.8,4.9,0,1,1.25,1.73
4251,2016,Stephen Drew,33,0,0,1,0,0.4,0.3,2.9,1.6,0,1,3,3.48
1849,2015,Rickie Weeks,32,1,0,1,0,1.3,0.2,1.3,-1.5,0,1,2,2.39
199,2009,Derek Lowe,36,1,0,0,1,4.3,4.5,7.6,7.2,1,4,60,85.55
1106,2007,Rich Aurilia,35,1,0,1,0,3,1.4,3.1,2.1,1,2,8,12.1
4810,2014,Brian McCann,30,1,0,1,0,3.5,2.8,11.2,3.7,1,5,85,104.54
833,2007,Ted Lilly,31,1,0,0,1,2.1,1.6,3.4,4.5,0,4,40,60.5
2151,2017,Edwin Encarnacion,34,1,45,1,0,4,4.1,8.2,8.7,1,3,60,67.53
676,2007,Paul Bako,35,0,0,1,0,-0.6,-0.4,0.2,0.1,0,1,0.9,1.36
9848,2016,Austin Jackson,29,0,0,1,0,1.8,1.6,4.4,5,0,1,5,5.8
10021,2018,Mike Minor,30,0,0,0,1,2.2,3,0,0,0,3,28,30.6
4022,2011,Melky Cabrera,26,0,0,1,0,-1.5,-0.3,1.8,1.6,0,1,1.25,1.68
1412,2008,Miguel Cairo,34,0,0,1,0,0.2,0.2,-0.3,0.3,0,1,0.85,1.25
8779,2019,Wade Miley,32,1,0,0,1,1.4,1.5,2.6,-0.2,0,1,4.5,4.77
367,2007,Danys Baez,29,1,0,0,1,0.9,-0.2,0.9,2.9,1,3,19,28.74
762,2008,Michael Barrett,31,0,0,1,0,-0.4,-0.8,5.2,4.3,0,1,3.5,5.14
1907,2017,Andres Blanco,33,0,0,1,0,0.4,-0.5,1.8,1.6,0,1,3,3.38
304,2011,Kerry Wood,34,1,0,0,1,0.2,0.9,2.5,2.3,0,1,1.5,2.02
2041,2011,John Buck,30,1,0,1,0,1.6,1.8,0.6,0.2,0,3,18,24.19
13074,2018,Yu Darvish,31,1,0,0,1,3.7,4.1,2.8,2.5,0,6,126,137.68
7466,2018,Anthony Swarzak,32,0,0,0,1,2.2,2.8,-0.2,-0.2,0,2,14,15.3
1918,2014,Matt Thornton,37,1,0,0,1,0.1,0.4,2.6,0.9,0,2,7,8.61
1135,2008,Yorvit Torrealba,29,0,0,1,0,0.6,0.9,1.1,1.1,0,2,7.25,10.65
7059,2015,James Shields,33,1,3,0,1,3.4,3.7,7.9,7.2,1,4,75,89.55
580,2009,Gregg Zaun,38,0,0,1,0,1.9,0.8,2.5,4.1,0,1,1.5,2.14
9817,2020,Sergio Romo,37,1,0,0,1,1,0.6,0.8,0.7,0,1,5,5.15
8610,2017,Kendrys Morales,34,0,7,1,0,0.9,0.9,0.6,1.8,0,3,33,37.14
1176,2013,Placido Polanco,37,1,0,1,0,0.7,0.4,5.8,5.1,0,1,2.75,3.48
1241,2007,Frank Catalanotto,33,0,0,1,0,2.6,1.8,1.8,2.9,1,3,13,19.66
3184,2016,David Price,30,1,62,0,1,6.7,6.3,9.6,7,0,7,217,251.56
1717,2010,Jason Bay,31,1,78,1,0,4.6,5.2,2,4.2,1,4,66,91.36
9492,2018,Bud Norris,33,0,0,0,1,0.6,0.4,0.6,-1.9,0,1,3,3.28
12546,2020,C.J. Cron,30,0,0,1,0,0.3,1.7,2.5,3.3,0,1,6.1,6.28
898,2007,Steve Trachsel,36,1,0,0,1,0.5,0.6,1.6,3.2,0,1,3.1,4.69
4229,2016,Howie Kendrick,32,1,3,1,0,2.4,1.6,6.8,9.7,1,2,20,23.19
1112,2008,Pedro Feliz,33,0,0,1,0,2.3,2.3,3.4,2.7,0,2,8.5,12.48
8245,2013,J.P. Howell,30,0,0,0,1,-0.4,0.8,-0.5,-1,0,1,2.85,3.61
2168,2011,Taylor Buchholz,29,0,0,0,1,-0.1,0.2,1.3,2,0,1,0.6,0.81
9682,2014,Adam Rosales,31,0,0,1,0,0,0,-0.9,0.1,0,1,0.75,0.92
10310,2020,Zack Wheeler,30,0,0,0,1,4.7,3.7,4.4,4.1,1,5,118,121.54
548,2013,Lance Berkman,37,1,118,1,0,0.1,0.5,6.4,5.2,0,1,11,13.93
1430,2008,Adam Everett,31,0,0,1,0,0.5,1.1,4.4,6.3,0,1,2.8,4.11
1042,2011,Mark Kotsay,35,0,0,1,0,-1.2,-0.7,-0.3,0.3,0,1,0.8,1.08
45,2011,Rod Barajas,35,0,0,1,0,0.2,0.8,2.6,2.6,0,1,3.25,4.37
4684,2013,Jeff Francis,32,0,0,0,1,1.7,1.6,3.3,0.9,0,1,1.5,1.9
1943,2013,Zack Greinke,29,1,0,0,1,4.8,3.7,8.2,4.9,0,6,147,186.22
11760,2018,Drew Smyly,29,0,0,0,1,0,0,2.8,1.7,0,2,10,10.93
9059,2014,John Axford,31,0,7,0,1,-0.5,-0.2,1.5,1.1,0,1,4.5,5.53
27,2007,Ramon Ortiz,34,0,0,0,1,0.2,-0.3,1.1,1.5,0,1,3.1,4.69
1467,2012,Guillermo Mota,38,0,0,0,1,0,0.2,0.3,0.5,0,1,1,1.3
7739,2020,Travis d'Arnaud,31,0,0,1,0,1.6,1,1.4,1.2,0,2,16,16.48
1861,2012,Wilson Betemit,30,0,0,1,0,0.9,0.5,0.4,0.6,0,2,3.25,4.24
4727,2014,Jacoby Ellsbury,30,1,245,1,0,4.6,5.8,10.3,9.3,1,7,153,188.17
1070,2008,Mike Cameron,35,1,2,1,0,1.9,3.2,6.6,6.1,0,1,7,10.28
4251,2015,Stephen Drew,32,0,0,1,0,-0.8,-1.1,3.7,2.4,0,1,5,5.97
768,2012,Endy Chavez,34,0,0,1,0,1.4,1,0.6,0.2,0,1,1.5,1.96
4962,2019,Asdrubal Cabrera,33,1,0,1,0,2.6,1,4.9,4.5,0,1,3.5,3.71
1190,2007,Woody Williams,40,1,0,0,1,1.2,1.3,4,1.6,1,2,12.5,18.91
4298,2017,Matt Wieters,31,1,0,1,0,1.1,1.9,1,1.8,0,2,21,23.64
5557,2014,Jarrod Saltalamacchia,29,0,0,1,0,3.1,2.9,5.6,2.3,0,3,21,25.83
88,2009,Rafael Furcal,31,1,11,1,0,2,2,5.2,6.2,0,3,30,42.77
1591,2012,Jamey Carroll,38,0,0,1,0,2.1,1.1,3.7,4.6,0,2,6.75,8.81
1245,2017,R.A. Dickey,42,1,0,0,1,0.8,0.4,3.6,4.8,0,1,8,9
901,2010,Tyler Walker,34,0,0,0,1,0.2,0.6,0.6,0.9,0,1,0.65,0.9
1601,2011,Pedro Feliciano,34,0,0,0,1,0.8,0.9,0.5,1.4,0,2,8,10.75
1475,2012,Jon Rauch,33,0,0,0,1,-0.6,0.1,1.9,2.3,0,1,3.5,4.57
375,2009,Bartolo Colon,36,1,0,0,1,0.5,0.1,1.3,-1,0,1,1,1.43
8027,2017,Adam Lind,33,0,0,1,0,-0.5,-0.3,3.7,5.8,0,1,1.5,1.69
4567,2015,Josh Johnson,31,1,0,0,1,0,0,3.7,2.5,0,1,1,1.19
2616,2018,Zack Cozart,32,1,0,1,0,5,5.1,3.2,3.9,0,3,38,41.52
7146,2020,Daniel Hudson,33,0,0,0,1,0.9,2,0.1,-0.4,0,2,11,11.33
185,2011,Johnny Damon,37,1,0,1,0,2.4,3,7.4,8.3,0,1,5.25,7.06
3201,2013,Francisco Liriano,29,1,0,0,1,1.5,-0.1,6.2,4.8,0,1,1,1.27
370,2009,Russell Branyan,33,0,0,1,0,1.3,1.4,1.6,1.9,0,1,1.4,2
9810,2019,Brian Dozier,32,1,34,1,0,0.9,1.1,11.4,10.4,0,1,9,9.55
1368,2017,Andrew Bailey,33,1,0,0,1,0,-0.2,-0.1,-0.2,0,1,1,1.13
247,2009,Damaso Marte,34,0,0,0,1,1.4,0.9,1.6,1.8,0,3,12,17.11
3882,2015,Chris Young,31,1,0,1,0,0.9,1.1,2.2,1.6,0,1,2.5,2.99
105,2013,Jason Marquis,34,1,0,0,1,-0.2,-1.4,0.6,-1.5,0,1,3,3.8
4235,2017,Jered Weaver,34,1,0,0,1,0.1,-0.6,2.2,3.3,0,1,3,3.38
1679,2016,Chase Utley,37,1,0,1,0,0.1,0.3,7.4,7.3,0,1,7,8.11
6216,2020,Dellin Betances,32,1,0,0,1,0.1,0,2.9,3,0,1,10.5,10.82
1772,2010,Rich Harden,28,0,0,0,1,1.9,1.7,4.8,6.8,0,1,7.5,10.38
412,2011,Jake Westbrook,33,1,0,0,1,1.8,1.8,0.3,0.9,0,2,16.5,22.17
1701,2011,Chris Capuano,32,1,0,0,1,0.3,0.8,0,0,0,1,1.5,2.02
1638,2010,Miguel Olivo,31,0,0,1,0,1.3,1.4,1.1,0.1,0,1,2.5,3.46
230,2007,Ray Durham,35,1,0,1,0,3.6,3.2,5.9,4.4,1,2,14,21.18
2790,2014,Carlos Marmol,31,1,0,0,1,-0.6,-0.3,0.7,1.1,0,1,1.25,1.54
844,2011,Mariano Rivera,41,1,17,0,1,1.8,2.4,4.9,7.9,1,2,30,40.32
1035,2009,Trevor Hoffman,41,1,46,0,1,0.4,0.2,3.2,3.1,0,1,6,8.55
3374,2014,Ubaldo Jimenez,30,1,0,0,1,3.5,2.7,4.2,0.5,1,4,48,59.03
2717,2020,Rick Porcello,31,0,0,0,1,1.8,1.2,4.4,2.8,0,1,10,10.3
729,2007,LaTroy Hawkins,34,0,0,0,1,0.7,0.6,1.6,2.9,0,1,3.5,5.29
4054,2015,Emilio Bonifacio,30,0,0,1,0,1.9,1.2,1.1,1,0,1,4,4.78
9939,2020,Brandon Kintzler,35,1,0,0,1,0.9,1.8,1.2,1.9,0,1,3,3.09
1660,2011,Jose Contreras,39,1,0,0,1,0.7,0.9,4.1,2.7,0,2,5.5,7.39
4082,2018,Erick Aybar,34,1,0,1,0,-0.2,-0.4,-0.2,2.3,0,1,1.25,1.37
1322,2007,Shannon Stewart,33,0,0,1,0,0.1,0.1,1.3,2.2,0,1,1,1.51
6785,2015,Andrew Miller,30,0,0,0,1,2.2,1.9,0.9,1.1,0,4,36,42.99
6387,2013,Michael Bourn,30,1,12,1,0,5.3,6,8.1,8.4,1,4,48,60.8
6033,2019,Kelvin Herrera,29,1,0,0,1,0.5,1.7,2.3,2.3,0,2,18,19.1
546,2009,Brad Ausmus,40,1,0,1,0,0,-0.2,-1.2,-0.5,0,1,1,1.43
5227,2019,Jon Jay,34,0,0,1,0,0.8,0.5,2.7,2.2,0,1,4,4.24
1073,2007,Jeff Cirillo,37,1,0,1,0,1.4,1.6,1.4,1,0,1,1.5,2.27
979,2009,Joe Beimel,32,0,0,0,1,0.5,1.8,1.2,2.4,0,1,2,2.85
337,2008,Jason LaRue,34,0,0,1,0,-0.4,-0.2,2.8,2.5,0,1,0.85,1.25
296,2011,Will Ohman,33,0,0,0,1,0.2,0.8,0.4,0.3,0,2,4,5.38
9761,2019,Joe Kelly,31,1,0,0,1,0.6,0.4,1.1,1.2,0,3,25,26.52
1523,2011,Marcus Thames,34,0,0,1,0,0.7,0.5,-0.6,-0.1,0,1,1,1.34
955,2008,Johnny Estrada,32,1,0,1,0,-0.3,-1.1,0.8,0.8,0,1,1.25,1.84
6432,2015,Tim Stauffer,33,0,0,0,1,0.4,0.4,0.3,0.3,0,1,2.2,2.63
337,2009,Jason LaRue,35,0,0,1,0,0.2,-0.2,-0.3,-0.4,0,1,0.95,1.35
1135,2011,Yorvit Torrealba,32,0,0,1,0,3.7,2.6,1.9,-0.1,0,2,6.25,8.4
2080,2012,Heath Bell,34,1,2,0,1,0.8,1,4.4,3.5,1,3,27,35.23
7927,2020,Eric Sogard,34,0,0,1,0,2.6,2.6,0.4,0.8,0,1,4.5,4.64
2061,2011,Matt Guerrier,32,0,0,0,1,0.1,1.1,-0.6,1.9,1,3,12,16.13
2129,2011,Ronny Paulino,30,0,0,1,0,0.4,0.9,1.5,1.3,0,1,1.3,1.75
110,2009,Horacio Ramirez,29,0,0,0,1,0.4,0.3,0.8,-0.6,0,1,1.8,2.57
3656,2015,Jim Johnson,32,1,22,0,1,-0.7,-1.7,2.1,3.6,0,1,1.6,1.91
9029,2019,Adam Warren,31,0,0,0,1,0.2,1,0.7,1,0,1,2.5,2.65
1551,2013,David Ross,36,0,0,1,0,2.5,1,4.7,2.3,0,2,6.2,7.85
6244,2015,Tom Gorzelanny,32,0,0,0,1,0.2,0.6,0.6,1.4,0,1,1,1.19
153,2007,Gary Matthews Jr.,32,1,1,1,0,3.9,5.2,4.6,5,1,5,50,75.63
5209,2020,Alex Gordon,36,1,0,1,0,1.3,1.5,1.5,1.9,0,1,4,4.12
2158,2012,Greg Dobbs,33,0,0,1,0,-0.1,-0.3,-1,-1.3,0,2,3,3.91
5887,2016,John Jaso,32,0,0,1,0,0.7,1,0.9,3.1,0,2,8,9.27
993,2008,Jason Kendall,34,1,0,1,0,-0.7,1.3,4.7,6.2,0,1,4.25,6.24
451,2007,Justin Speier,33,0,0,0,1,1,1.2,0.8,2.6,1,4,18,27.23
5133,2016,Alexei Ramirez,34,1,0,1,0,0.1,1.1,6,6,0,1,4,4.64
4817,2014,Jesse Crain,32,1,0,0,1,1.9,2.2,1.6,3.8,0,1,3.25,4
589,2017,Carlos Beltran,40,1,0,1,0,2.4,2.2,1.2,0.8,0,1,16,18.01
3281,2017,Joe Smith,33,0,0,0,1,-0.3,0.7,1.9,3.2,0,1,3,3.38
2140,2013,Delmon Young,27,0,44,1,0,-1.1,-0.9,1.4,1.7,0,1,0.75,0.95
90,2008,Tom Glavine,42,1,0,0,1,1.5,2,6.6,6.9,1,1,8,11.75
785,2018,Todd Frazier,32,1,0,1,0,3.2,3,7.1,7,0,2,17,18.58
840,2010,Andy Pettitte,38,1,0,0,1,3.5,3.4,7.4,5.9,0,1,11.75,16.26
5930,2015,Nick Markakis,31,0,0,1,0,2.3,1.9,2.6,2.1,0,4,44,52.54
2430,2016,Darwin Barney,30,0,0,1,0,0,0.3,0.8,0.3,0,1,1.05,1.22
5409,2015,Pablo Sandoval,28,1,0,1,0,3.2,3.2,4.4,4.3,1,5,95,113.43
1554,2013,Dewayne Wise,35,0,0,1,0,1,0.6,0.4,-0.4,0,1,0.7,0.89
10131,2020,Stephen Strasburg,31,1,4,0,1,5.7,6.2,8.3,9,1,7,245,252.35
1514,2009,Oliver Perez,27,0,0,0,1,1.6,1.8,2.8,0.5,0,3,36,51.33
7731,2018,Juan Nicasio,31,0,0,0,1,1.6,2,2.1,0.6,0,2,17,18.58
11368,2020,Yasmani Grandal,31,1,4,1,0,5.2,2.4,8.7,6,0,4,73,75.19
2692,2014,Joba Chamberlain,28,0,0,0,1,-0.7,-0.1,0.3,0.7,0,1,2.5,3.07
639,2010,Adrian Beltre,31,0,0,1,0,2.2,3.3,6.9,9.3,0,1,10,13.84
4676,2017,Charlie Morton,33,0,0,0,1,0.4,0.3,2.1,-0.4,0,2,14,15.76
1677,2013,Shane Victorino,32,1,18,1,0,2.6,2.9,8.8,8.5,0,3,39,49.4
4064,2018,Brian Duensing,35,0,0,0,1,0.8,1.4,-0.3,0.4,0,2,7,7.65
656,2009,Cesar Izturis,29,1,0,1,0,1,1.7,-0.3,-0.1,0,2,5,7.13
3052,2008,Jack Cassel,27,0,0,0,1,0.4,0.3,0,0,0,1,0.4,0.59
1574,2010,Mark Hendrickson,36,0,0,0,1,0.3,0.9,2.6,-0.6,0,1,1.4,1.94
3708,2014,Rajai Davis,33,0,0,1,0,1.2,1.6,0.2,0.1,0,2,10,12.3
8267,2016,Chris Iannetta,33,0,0,1,0,1.4,0.7,1.1,4,0,1,4.25,4.93
718,2011,Grant Balfour,33,0,0,0,1,1.2,1.2,3,2.7,1,2,8.1,10.89
7754,2019,Mike Fiers,34,0,0,0,1,1.4,3.9,1.5,-0.4,0,2,14.1,14.96
1659,2011,Hideki Matsui,37,1,0,1,0,1.5,1.7,3.2,3.8,0,1,4.25,5.71
9205,2018,Logan Morrison,30,0,0,1,0,3.2,3.3,0.5,0.3,0,1,6.5,7.1
890,2007,Jay Payton,34,0,0,1,0,1,2,3.5,4.1,0,2,9.5,14.37
6848,2018,Eduardo Nunez,31,1,0,1,0,2.2,1.1,4,2.8,0,1,4,4.37
429,2011,Brian Fuentes,35,1,0,0,1,0.2,0.9,2.8,2.5,0,2,10.5,14.11
961,2007,Jose Mesa,41,1,0,0,1,-0.3,1.3,0.3,1.4,0,1,2.5,3.78
375,2012,Bartolo Colon,39,1,0,0,1,2.3,1.5,0.2,0.2,0,1,0.9,1.17
5986,2016,Mike Aviles,35,0,0,1,0,-0.9,-1.5,0,0.8,0,1,2,2.32
2332,2011,Joel Peralta,35,0,0,0,1,0.7,1.4,-0.9,-0.6,0,1,0.95,1.28
4141,2017,Derek Holland,30,0,0,0,1,1.1,0.8,1.2,2.1,0,1,6,6.75
3448,2016,Jeff Mathis,33,0,0,1,0,-0.1,-0.5,0.5,-0.3,0,1,1.5,1.74
2608,2017,Jhoulys Chacin,29,0,0,0,1,1.8,0.3,0.4,0.5,0,1,1.75,1.97
1109,2007,Barry Bonds,42,1,407,1,0,3.2,4,12.5,11.2,0,1,15.8,23.9
24,2007,Bengie Molina,32,0,0,1,0,0.9,1.5,2.1,3.1,1,3,16,24.2
1854,2007,Kazuo Matsui,31,0,0,1,0,0.4,0.1,0.5,0.8,0,1,1.5,2.27
1904,2015,Adam LaRoche,35,0,86,1,0,2,2.4,3.9,4.8,0,2,25,29.85
1491,2009,Ty Wigginton,31,0,0,1,0,2.7,2.2,2.3,2.7,0,2,6,8.55
3882,2018,Chris Young,34,1,0,1,0,-0.2,-0.3,1.7,2.5,0,1,2,2.19
5497,2019,Marwin Gonzalez,30,0,6,1,0,1.5,2.3,4.3,5,0,2,21,22.28
1702,2010,Reed Johnson,33,0,0,1,0,0.2,0.7,0.7,0.7,0,1,0.8,1.11
5448,2017,Jesse Chavez,33,0,0,0,1,-0.2,-0.2,4,2.6,0,1,5.75,6.47
89,2007,Marcus Giles,29,1,4,1,0,1,0.7,8.1,7.3,0,1,3.2,4.84
513,2008,Luis Castillo,32,1,0,1,0,2.8,3,6,5.9,0,4,25,36.71
1757,2013,Dan Haren,32,1,0,0,1,1.8,-0.1,9.6,7.2,0,1,13,16.47
1429,2014,Nick Punto,36,0,0,1,0,1.5,2,2.3,2.4,0,1,3,3.69
7399,2015,Billy Butler,29,1,0,1,0,-0.5,-0.1,3.7,4.6,0,3,30,35.82
8259,2014,Kurt Suzuki,30,0,0,1,0,-0.4,-0.1,0.2,1.9,0,1,2.75,3.38
538,2010,Mike Redmond,39,0,0,1,0,-0.6,-0.9,0.3,0.7,0,1,0.85,1.18
3886,2014,Gavin Floyd,31,0,0,0,1,0.2,0,5,5,0,1,4,4.92
1514,2019,Oliver Perez,37,0,0,0,1,1,1.3,0.5,0.3,0,1,2.5,2.65
579,2007,Daryle Ward,32,0,0,1,0,0.3,0.8,-0.9,-1.1,0,1,1.05,1.59
1277,2008,Kenny Rogers,43,1,2,0,1,0.4,0.3,5.1,8,0,1,8,11.75
6283,2017,Scott Feldman,34,0,0,0,1,0.2,-0.2,2.1,2.6,0,1,2.3,2.59
550,2008,Geoff Blum,35,0,0,1,0,0.2,0.7,1.3,1,0,1,1.1,1.62
13287,2020,Jesse Hahn,30,0,0,0,1,-0.1,-0.4,1.2,0,0,1,0.6,0.62
1164,2007,Steve Kline,34,0,0,0,1,0.2,0.5,-0.1,1.7,0,2,3.5,5.29
3840,2018,Zach Duke,35,1,0,0,1,-0.2,0.2,0.8,2.6,0,1,2.15,2.35
2660,2017,Brett Cecil,30,1,0,0,1,0.4,0.3,2.6,2.5,0,4,30.5,34.33
18721,2020,Guillermo Heredia,29,0,0,1,0,0.3,0.3,-0.1,1.5,0,1,1,1.03
941,2010,Miguel Tejada,36,1,3,1,0,1.8,1.9,4.3,4.3,0,1,6,8.31
13593,2020,Jose Peraza,26,0,0,1,0,-0.6,-0.9,2.3,2,0,1,3,3.09
4251,2014,Stephen Drew,31,0,0,1,0,3.6,2.7,1.7,1.6,1,1,10.1,12.42
8241,2019,David Robertson,34,1,0,0,1,1.4,0.7,2.9,4.1,0,2,23,24.4
8280,2016,Tony Sipp,32,0,0,0,1,0.9,1.6,0.6,0.3,0,3,18,20.87
248,2011,Magglio Ordonez,37,1,0,1,0,2.4,1.3,2.5,2.9,1,1,10,13.44
311,2008,Aaron Boone,35,1,0,1,0,0.1,0.4,-0.5,0.8,0,1,1,1.47
934,2013,Carlos Pena,35,1,0,1,0,0.6,0.6,3.5,4.7,0,1,2.9,3.67
7450,2014,Phil Hughes,28,1,0,0,1,1,-0.9,2.5,1.3,0,3,24,29.52
6547,2019,Jordy Mercer,32,0,0,1,0,1,0.1,2.9,1.5,0,1,5.25,5.57
727,2008,Eddie Guardado,37,1,0,0,1,0.1,-0.3,0.5,1.3,0,1,2,2.94
3856,2012,Jeff Keppinger,32,0,0,1,0,0.1,-0.3,1.5,0.7,0,1,1.53,2
3840,2015,Zach Duke,32,1,0,0,1,1.3,1.2,0.2,0.1,0,3,15,17.91
104,2007,Greg Maddux,41,1,0,0,1,4.3,3.1,5.9,6,1,1,10,15.13
7435,2016,Ben Zobrist,35,1,0,1,0,3,2.5,8.9,9.6,0,4,56,64.92
409,2012,Jim Thome,41,1,2,1,0,0.9,1.6,3.9,4.9,0,1,1.25,1.63
1135,2007,Yorvit Torrealba,28,0,0,1,0,0.8,0.6,0.7,0.7,0,1,1.1,1.66
3201,2015,Francisco Liriano,31,1,0,0,1,1.6,1.5,4.6,3.2,1,3,39,46.57
6627,2019,Brad Brach,33,1,0,0,1,0.8,0.4,2.8,3.6,0,1,3,3.18
9893,2016,Colby Rasmus,29,0,0,1,0,2.9,2.8,5.4,6.1,1,1,15.8,18.32
6655,2019,Craig Kimbrel,31,1,0,0,1,1.3,2.3,4.4,4.4,1,4,43,45.62
287,2008,Jon Lieber,38,1,0,0,1,1.4,0.3,5.6,2.8,0,1,3.5,5.14
1402,2007,Dave Dellucci,33,0,0,1,0,1.3,0.7,3.4,2.6,1,3,11.5,17.39
4301,2019,Justin Wilson,31,0,0,0,1,0.6,0.7,2.2,2.1,0,2,10,10.61
237,2009,Bob Howry,35,0,0,0,1,0.3,-0.1,3.1,3.6,0,1,2.75,3.92
5861,2015,Jason Motte,33,0,0,0,1,-0.6,-0.2,0.9,1.4,0,1,4.5,5.37
3990,2017,Edinson Volquez,33,1,0,0,1,1.7,-0.6,3.4,5.3,0,2,22,24.76
9059,2016,John Axford,33,0,0,0,1,0.8,0.8,-0.9,0,0,2,10,11.59
4371,2019,Jeremy Hellickson,32,0,0,0,1,1.3,1.6,3.7,3.1,0,1,1.3,1.38
3196,2011,Chris Young,32,1,0,0,1,0.3,1,1.5,0.7,0,1,1.1,1.48
1679,2018,Chase Utley,39,1,0,1,0,1.1,0.9,2.3,1.5,0,2,2,2.19
13154,2020,Marco Hernandez,27,0,0,1,0,-0.4,-0.1,-0.1,0.3,0,1,0.65,0.67
3555,2018,Tony Barnette,34,0,0,0,1,0.6,-0.1,0.9,2.2,0,1,1.5,1.64
1564,2010,Jack Cust,31,0,0,1,0,0.7,1,4.9,6,0,1,2.65,3.67
8347,2016,Denard Span,32,0,8,1,0,1.6,1.1,7.4,7.3,0,3,31,35.94
2170,2016,Chad Qualls,37,0,0,0,1,0.4,0,1,2.1,0,2,6,6.96
4538,2017,Jason Hammel,34,0,0,0,1,1.3,1.4,4.1,4.7,0,2,16,18.01
12572,2020,Blake Treinen,32,1,7,0,1,-0.3,-0.3,5,5.4,0,1,10,10.3
1097,2009,Arthur Rhodes,39,0,0,0,1,1.2,1.4,0.7,0.1,0,2,4,5.7
5223,2020,Cameron Maybin,33,0,0,1,0,1.6,1.6,1.6,2.2,0,1,1.5,1.55
950,2014,Marlon Byrd,36,1,0,1,0,4,4.8,0.7,1.3,0,2,16,19.68
718,2014,Grant Balfour,36,1,0,0,1,0.6,1.6,2.2,4.3,0,2,12,14.76
13110,2017,Yoenis Cespedes,31,1,69,1,0,3.7,3,9.3,10.6,1,4,110,123.81
1307,2009,Orlando Hudson,31,1,0,1,0,1.3,2.1,4.5,8.4,1,1,3.8,5.42
8245,2011,J.P. Howell,28,0,0,0,1,0,0,2.3,4.2,0,1,1.1,1.48
964,2011,Vicente Padilla,33,1,0,0,1,0.8,1.2,3,3,0,1,2,2.69
166,2014,Brian Roberts,36,1,0,1,0,1.1,0.6,-1,-1,0,1,2,2.46
906,2014,Eric Chavez,36,0,0,1,0,1,1,1.9,2,0,1,3.5,4.3
745,2013,David Ortiz,37,1,0,1,0,3.1,3.2,6.3,6.7,1,2,26,32.94
1830,2015,Clint Barmes,36,0,0,1,0,0.3,0.7,0.1,1.4,0,1,1.5,1.79
3273,2014,Roberto Hernandez,33,1,0,0,1,0,-0.7,1.3,-1.4,0,1,4.5,5.53
3648,2018,Rene Rivera,34,0,0,1,0,1.2,0.3,0.8,-1.2,0,1,2.8,3.06
4616,2013,Russell Martin,30,1,0,1,0,3.8,1.8,8.4,4.3,0,2,17,21.54
690,2008,Geoff Jenkins,33,1,0,1,0,1.2,1.4,6.2,5.7,0,2,13,19.09
710,2010,Ben Sheets,31,1,0,0,1,0,0,7.3,7.3,0,1,10,13.84
4316,2016,Daniel Murphy,31,1,0,1,0,2.2,1.2,5.6,4.9,1,3,37.5,43.47
1672,2009,Trever Miller,36,0,0,0,1,0.6,0.4,0.6,1.3,0,1,0.5,0.71
676,2009,Paul Bako,37,0,0,1,0,1.8,-0.7,-1.1,-0.8,0,1,0.73,1.04
337,2010,Jason LaRue,36,0,0,1,0,0.3,0.1,-0.2,-0.4,0,1,0.95,1.32
12890,2020,Alex Claudio,28,0,0,0,1,-0.2,0.6,2.7,3.7,0,1,1.75,1.8
6310,2018,Alcides Escobar,31,1,0,1,0,0.1,-0.7,2.1,1.7,0,1,2.5,2.73
7593,2018,Jordan Lyles,27,0,0,0,1,-0.3,-1.1,1.1,-0.7,0,1,1,1.09
5372,2020,Michael Pineda,31,1,0,0,1,2.6,2.4,1,0.6,0,2,20,20.6
8223,2017,Brett Anderson,29,0,0,0,1,-0.3,-0.7,2.5,2.5,0,1,3.5,3.94
573,2009,Tim Redding,31,0,0,0,1,1.2,0.6,0.2,1.8,0,1,2.25,3.21
1101,2015,Ichiro Suzuki,41,1,0,1,0,1.1,0.9,3.3,3.9,0,1,2,2.39
6012,2020,Didi Gregorius,30,0,7,1,0,0.9,0.3,8.9,9.2,0,1,14,14.42
4616,2011,Russell Martin,28,1,0,1,0,3.1,1.9,10.9,6.3,0,1,4,5.38
8245,2014,J.P. Howell,31,0,0,0,1,0.8,1.7,-0.9,-0.2,0,2,11.25,13.84
551,2008,Doug Brocail,41,0,0,0,1,0,0.7,1.6,-0.3,0,1,2.5,3.67
9227,2017,Koji Uehara,42,1,0,0,1,0.6,0.7,2.4,2.9,0,1,6,6.75
3057,2017,Mike Napoli,35,1,0,1,0,0.7,1,2.4,3.6,0,1,8.5,9.57
5235,2017,Justin Turner,32,0,44,1,0,5,5,7.3,7.9,1,4,64,72.03
1274,2008,Alex Rodriguez,32,1,726,1,0,9.6,9.4,12.9,13.8,0,10,275,403.85
1399,2010,Jason Michaels,34,0,0,1,0,0,-0.4,1.4,-0.6,0,1,0.85,1.18
227,2009,Joe Crede,31,1,0,1,0,1.6,2.4,4.1,5.2,0,1,2.5,3.56
45,2008,Rod Barajas,32,0,0,1,0,0.5,-0.1,3.1,2.6,0,1,1.2,1.76
18,2017,Neftali Feliz,29,1,0,0,1,-0.1,1,0.2,0.3,0,1,5.35,6.02
9892,2018,Jay Bruce,31,1,0,1,0,2.6,2.7,0.5,1.9,0,3,39,42.62
1275,2010,Iván Rodríguez,38,1,0,1,0,0.3,0.1,2.3,3,0,2,6,8.31
1794,2013,Mike Gonzalez,35,0,0,0,1,0.6,0.5,0.9,0.4,0,1,2.23,2.82
1994,2020,Ivan Nova,33,0,0,0,1,2,2.3,3.5,3.1,0,1,1.5,1.55
1467,2007,Guillermo Mota,33,0,0,0,1,-0.3,0.3,1.9,1.7,0,2,5,7.56
6941,2013,Joakim Soria,29,1,1,0,1,0,0,2.8,4,0,2,8,10.13
4972,2020,Cole Hamels,36,1,0,0,1,2.5,3.2,4,6.5,0,1,18,18.54
1935,2013,Kevin Youkilis,34,1,0,1,0,1.8,1.7,7.7,9.2,0,1,12,15.2
840,2008,Andy Pettitte,36,1,5,0,1,4,3.8,9.2,8.3,0,1,16,23.5
8392,2019,Daniel Descalso,32,0,0,1,0,1.7,0.9,0.8,0.4,0,2,5,5.3
7416,2016,Mark Lowe,33,0,0,0,1,1.2,1.7,-0.5,-0.9,0,2,11,12.75
9393,2018,Matt Adams,29,0,0,1,0,1.2,0.2,0.4,0.6,0,1,4,4.37
3395,2016,Cliff Pennington,32,0,0,1,0,-0.6,-0.3,1.7,3,0,2,3.75,4.35
3086,2020,Mitch Moreland,34,1,0,1,0,0.7,1.2,1.6,3,0,1,3,3.09
818,2010,Jason Giambi,39,1,0,1,0,0,-0.1,3.1,2.8,0,1,1.75,2.42
3707,2014,Geovany Soto,31,1,0,1,0,1.1,1.5,4.5,1.5,0,1,3.05,3.75
1875,2013,Josh Hamilton,32,1,486,1,0,4.9,4,12.4,12.5,1,5,123,155.81
1906,2015,Jason Frasor,37,0,0,0,1,0.4,0.8,0.9,1.5,0,1,1.8,2.15
1451,2015,Aaron Harang,37,0,0,0,1,2.8,2.2,2.6,1.2,0,1,5,5.97
7763,2011,Hideki Okajima,35,1,0,0,1,0.1,0.1,1.6,3.7,0,1,1.75,2.35
90,2009,Tom Glavine,43,1,0,0,1,-0.6,-0.2,4.4,4.8,0,1,1,1.43
11426,2020,Drew Pomeranz,31,1,0,0,1,0.7,0.6,2.6,3.4,0,4,34,35.02
7947,2019,Cory Gearrin,33,0,0,0,1,0.1,0.8,0.8,2.3,0,1,1.4,1.49
910,2011,Justin Duchscherer,33,1,0,0,1,0.2,0.3,2.5,3.9,0,1,0.7,0.94
4849,2013,Joe Blanton,32,0,0,0,1,2.5,-0.1,2.4,0.1,0,2,15,19
1230,2007,Tanyon Sturtze,36,0,0,0,1,-0.3,-0.3,0.2,0.9,0,1,0.75,1.13
232,2011,Jon Garland,31,1,0,0,1,0.9,1.3,3.1,2.4,0,1,5,6.72
6249,2019,Trevor Cahill,31,1,0,0,1,2,1.2,0.2,1.3,0,1,9,9.55
9227,2013,Koji Uehara,38,0,0,0,1,0.8,1.4,2.6,3.4,0,1,4.25,5.38
3174,2014,Shin-Soo Choo,31,0,23,1,0,6.4,4.6,4.8,5.2,1,7,130,159.88
555,2012,Octavio Dotel,38,0,0,0,1,0.8,0.6,0.9,1.7,0,1,3.5,4.57
3411,2017,Drew Butera,33,0,0,1,0,0.8,0.3,0.2,-0.6,0,2,3.8,4.28
9784,2019,Garrett Richards,31,0,0,0,1,1,0.2,1.7,1.3,0,2,15.5,16.44
4556,2013,James Loney,29,0,0,1,0,-1,-1.1,2.8,3.4,0,1,2,2.53
2,2009,Garret Anderson,37,1,0,1,0,1.4,0.9,1.4,1.5,0,1,2.5,3.56
580,2007,Gregg Zaun,36,0,0,1,0,1.5,1.8,3.7,5.8,0,2,7.25,10.97
12434,2020,Kevin Pillar,31,0,1,1,0,1.5,0.9,4,5,0,1,4,4.12
949,2011,Pat Burrell,34,0,0,1,0,2.5,1.8,1.6,1.6,0,1,1,1.34
7738,2018,Wily Peralta,29,0,0,0,1,0,-1.5,0.9,0.7,0,1,1.53,1.67
1002,2012,Aramis Ramirez,34,1,0,1,0,3.3,2.8,2,1,1,3,36,46.97
1030,2007,Alan Embree,37,0,0,0,1,1.1,0.6,0.1,-0.8,0,2,5.5,8.32
2495,2016,Pedro Alvarez,29,1,0,1,0,0.5,0.1,3.1,2.7,0,1,5.75,6.67
7841,2016,Jerry Blevins,32,0,0,0,1,0.2,0.4,1.1,0.5,0,1,4,4.64
535,2009,Brad Penny,31,1,0,0,1,-0.1,-1,8,8.9,0,1,5,7.13
2714,2014,Garrett Jones,33,0,0,1,0,-0.1,0.3,2.6,1.7,0,2,7.75,9.53
1077,2012,Freddy Garcia,35,1,0,0,1,1.7,2.9,2.9,3.3,0,1,4,5.22
1760,2012,Cody Ross,31,0,0,1,0,0.7,0.5,3.7,4.2,0,1,3,3.91
8600,2017,Dustin McGowan,35,0,0,0,1,0,0.8,-0.9,-0.2,0,1,1.75,1.97
5525,2017,Boone Logan,32,0,0,0,1,0.8,0.6,0,-0.4,0,1,5.5,6.19
81,2010,Henry Blanco,38,0,0,1,0,1.7,0.3,0.1,-0.4,0,1,0.78,1.08
2579,2014,Carlos Ruiz,35,1,5,1,0,0.3,1.5,6.1,7.5,0,3,26,31.98
9927,2020,Brett Gardner,36,1,0,1,0,3.6,4.1,6.6,8.2,0,1,12.5,12.88
714,2008,Luis Vizcaino,33,0,0,0,1,0.3,0.7,0.9,2.3,0,2,7.5,11.01
278,2011,Kyle Farnsworth,35,0,0,0,1,0.8,1.3,-0.2,0.6,0,1,3.25,4.37
1702,2012,Reed Johnson,35,0,0,1,0,1.1,1.2,0.5,0.3,0,1,1.15,1.5
918,2011,Ramon Hernandez,35,1,0,1,0,2.4,1.1,0.9,0.7,1,1,3,4.03
3179,2013,Dioner Navarro,29,1,0,1,0,0.5,0.3,-0.5,0,0,1,1.18,1.49
1467,2009,Guillermo Mota,35,0,0,0,1,0.1,0.2,-0.2,-0.3,0,1,2.35,3.35
1572,2012,Coco Crisp,32,0,0,1,0,2,2.5,4.4,4.8,0,2,14,18.27
2151,2020,Edwin Encarnacion,37,1,4,1,0,2.5,3,3.3,4.7,0,1,12,12.36
976,2008,Randy Wolf,31,1,0,0,1,1.9,0.9,0.6,0.6,0,1,4.75,6.98
1887,2017,Jose Bautista,36,1,204,1,0,1.5,1.2,11.4,11.7,1,1,18,20.26
395,2010,John McDonald,35,0,0,1,0,-0.1,0.4,0.3,1.9,0,2,3,4.15
551,2007,Doug Brocail,40,0,0,0,1,0.5,-0.1,1.9,0.4,0,1,0.5,0.76
13355,2020,Luke Maile,29,0,0,1,0,-0.3,-0.5,1.5,0.8,0,1,0.9,0.93
662,2008,Paul Lo Duca,36,1,0,1,0,0.1,0.2,3.8,3.6,0,1,5,7.34
1042,2012,Mark Kotsay,36,0,0,1,0,0.1,0.2,-1.7,-0.9,0,1,1.25,1.63
1296,2007,Jose Cruz Jr.,33,0,0,1,0,0.6,0.5,2.7,2.3,0,1,0.65,0.98
8223,2019,Brett Anderson,31,0,0,0,1,0.9,0.4,0.5,-1.2,0,1,1.5,1.59
2467,2011,Todd Coffey,30,0,0,0,1,0,-0.9,0.9,2.1,0,1,1.35,1.81
1243,2012,Francisco Cordero,37,1,0,0,1,0.1,1.7,1.6,2,0,1,4.5,5.87
7274,2018,Craig Stammen,34,0,0,0,1,0.1,1.5,0,0.3,0,2,4.5,4.92
1219,2007,Tom Martin,37,0,0,0,1,0.7,0.1,-0.5,0.1,0,1,0.8,1.21
5751,2020,Hernan Perez,29,0,0,1,0,-0.2,-0.1,1.3,2.2,0,1,1,1.03
9847,2019,Andrew McCutchen,32,1,0,1,0,2.7,2.8,4.7,2.7,0,3,50,53.05
964,2007,Vicente Padilla,29,1,0,0,1,3.2,2.6,1.9,1,0,3,33.75,51.05
190,2009,Nomar Garciaparra,35,1,18,1,0,0.2,0.8,1,0.9,0,1,1,1.43
273,2009,Juan Cruz,30,0,0,0,1,0.5,1.4,2.2,2.3,1,2,6,8.55
8610,2014,Kendrys Morales,31,0,0,1,0,1.2,2.9,1.5,2.1,1,1,7.4,9.1
959,2007,Mike Lieberthal,35,1,0,1,0,1.1,1,2.7,0.7,1,1,1.25,1.89
6073,2014,Brendan Ryan,32,0,0,1,0,0,0.3,4.2,7.6,0,2,5,6.15
813,2011,Randy Choate,35,0,0,0,1,0.4,-0.1,0.2,0.7,0,2,2.5,3.36
8722,2017,Jason Castro,30,1,0,1,0,2.9,1,4.6,2.9,0,3,24.5,27.57
8844,2016,Antonio Bastardo,30,0,0,0,1,0.5,0.9,1.5,1.4,0,2,12,13.91
3970,2014,Edward Mujica,30,1,0,0,1,0.1,1.6,1.2,3,0,2,9.5,11.68
1002,2007,Aramis Ramirez,29,1,47,1,0,3.7,3.5,6.6,8,1,5,75,113.44
7619,2013,Mark Reynolds,29,0,0,1,0,0.6,0.2,1.8,1.2,0,1,6,7.6
3516,2018,Eric Hosmer,28,1,18,1,0,4,4.4,3.7,5.9,1,8,144,157.35
88,2014,Rafael Furcal,36,1,0,1,0,0,0,1.2,1.9,0,1,3.5,4.3
856,2007,Rondell White,35,1,0,1,0,-1.3,-1.1,3,3.7,0,1,2.75,4.16
6035,2014,David Murphy,32,0,0,1,0,-0.4,-0.3,4,4.4,0,2,12,14.76
1157,2016,Tommy Hunter,29,0,0,0,1,0.3,0.3,1.4,2.5,0,1,2,2.32
1652,2007,Russ Springer,38,0,0,0,1,0.1,0.8,0.2,-0.1,1,1,1.75,2.65
3196,2016,Chris Young,37,1,0,0,1,1,2.7,0,1.8,0,2,11.5,13.33
1437,2011,Joaquin Benoit,33,0,0,0,1,1.7,2.2,-0.2,-0.2,0,3,16.5,22.17
1213,2010,Aubrey Huff,33,0,12,1,0,-2.1,-1.8,4.7,4.4,0,1,3,4.15
9323,2019,Patrick Corbin,29,1,0,0,1,5.9,4,3.7,1.9,1,6,140,148.53
55,2007,Luis Gonzalez,39,1,0,1,0,0.9,1,3.6,4.1,1,1,7.35,11.12
902,2009,David Weathers,39,0,0,0,1,0.1,1.5,0.9,3.6,0,1,3.9,5.56
4897,2014,Scott Kazmir,30,1,0,0,1,2.6,1,-0.2,-0.3,0,2,22,27.06
319,2011,Adam Dunn,31,1,9,1,0,3,2.5,1.6,0.4,1,4,56,75.26
2521,2011,Jorge Cantú,29,0,0,1,0,-0.5,-1.6,3.5,2.1,0,1,0.85,1.14
5203,2013,Mike Pelfrey,29,0,0,0,1,0.6,0.8,4,3,0,1,4,5.07
2234,2010,Kelly Johnson,28,0,0,1,0,0.5,0.2,6,6,0,1,2.35,3.25
10,2009,David Eckstein,34,1,0,1,0,-0.1,0.1,2.3,2.5,0,1,0.85,1.21
404,2019,CC Sabathia,38,1,0,0,1,2.2,1.9,4.4,6,0,1,8,8.49
1933,2012,Frank Francisco,32,0,0,0,1,0.4,1.1,2.1,1.7,0,2,12,15.66
3990,2015,Edinson Volquez,31,1,0,0,1,0.7,2.5,2.2,-1.4,0,2,20,23.88
52,2010,Craig Counsell,39,0,0,1,0,2.2,2.5,1.3,2.1,0,1,2.1,2.91
454,2016,Juan Uribe,37,0,0,1,0,2,0.9,7.1,7.6,0,1,4,4.64
1012,2008,Kip Wells,31,0,0,0,1,0.9,-1.7,0.8,-0.8,0,1,3.1,4.55
1852,2013,Ryan Madson,32,0,0,0,1,0,0,3,3.4,0,1,3.5,4.43
319,2009,Adam Dunn,29,1,0,1,0,0.6,0.7,4.4,1.8,0,2,20,28.52
4079,2017,Junichi Tazawa,31,0,0,0,1,0.2,0.3,2,1.2,0,2,12,13.51
3057,2016,Mike Napoli,34,1,0,1,0,0.3,0.8,5.5,6.5,0,1,7,8.11
1311,2010,Felipe Lopez,30,1,0,1,0,3.6,3.3,0.2,-0.8,0,1,1,1.38
9272,2016,Chris Davis,30,1,264,1,0,5.4,4.9,8,8.1,1,7,161,186.64
7196,2019,Greg Holland,33,1,0,0,1,0.4,-0.1,1.1,1.5,0,1,3.25,3.45
6941,2016,Joakim Soria,32,1,0,0,1,0.5,1.7,1.7,0.7,0,3,25,28.98
6283,2013,Scott Feldman,30,0,0,0,1,2.3,-0.1,1.4,-0.5,0,1,6,7.6
1066,2011,Willie Bloomquist,33,0,0,1,0,-0.7,-1,0.4,0.8,0,1,0.9,1.21
375,2014,Bartolo Colon,41,1,0,0,1,4,5.6,4.9,4.1,0,2,20,24.6
1443,2012,Mark Ellis,35,0,0,1,0,1,2.1,4.2,4.5,0,2,8.75,11.42
5760,2020,Avisail Garcia,29,1,0,1,0,1.8,2.1,4.3,4.9,0,2,20,20.6
81,2011,Henry Blanco,39,0,0,1,0,-0.2,0,2.4,0.4,0,1,1.25,1.68
4747,2014,Curtis Granderson,33,1,215,1,0,1.2,1.1,10.9,9.4,1,4,60,73.79
7024,2018,Miguel Gonzalez,34,0,0,0,1,1.5,1.6,3.3,2.4,0,1,4.75,5.19
6485,2014,Brian Wilson,32,1,0,0,1,0.4,0.6,0.2,0.3,0,1,10,12.3
420,2007,Gary Bennett,35,0,0,1,0,-0.5,-0.2,-1,-1.8,0,1,0.9,1.36
1738,2014,Jhonny Peralta,32,1,0,1,0,3.6,3,6.8,4.8,0,4,53,65.18
7754,2018,Mike Fiers,33,0,0,0,1,0,-0.5,3.9,2.2,0,1,6,6.56
4090,2015,Luke Gregerson,31,0,0,0,1,0.9,1.7,1.9,2.6,0,3,18.5,22.09
5525,2018,Boone Logan,33,0,0,0,1,0.3,0,1.1,1.2,0,1,2.5,2.73
7410,2016,J.A. Happ,33,0,0,0,1,3.1,3.2,2.3,1.2,0,3,36,41.73
847,2007,Alfonso Soriano,31,1,106,1,0,5.4,6.1,4.5,3.7,1,8,136,205.71
5677,2017,A.J. Ellis,36,0,0,1,0,-0.3,0,-1.5,2,0,1,2.5,2.81
1904,2013,Adam LaRoche,33,0,86,1,0,3.4,4.2,0.4,0.8,1,2,24,30.4
555,2007,Octavio Dotel,33,0,0,0,1,-0.2,-0.5,1.5,1.6,0,1,5,7.56
206,2012,Darren Oliver,41,0,0,0,1,1.2,1.5,2.7,3.5,1,1,4,5.22
10348,2020,Domingo Santana,27,0,0,1,0,0,0.5,4.1,3.5,0,1,1.5,1.55
1698,2011,Gerald Laird,31,0,0,1,0,-2.4,-0.6,-2.2,3.4,0,1,1,1.34
12775,2020,Brad Miller,30,0,0,1,0,1.2,1.5,0.1,1.2,0,1,2,2.06
81,2007,Henry Blanco,35,0,0,1,0,0.7,0.5,1,0.4,0,2,5.25,7.94
1135,2010,Yorvit Torrealba,31,0,0,1,0,1,0.5,1.5,0.4,0,1,1.25,1.73
177,2010,Rafael Betancourt,35,0,0,0,1,1.4,1.5,3.5,3.9,0,2,7.55,10.45
8392,2015,Daniel Descalso,28,0,0,1,0,-0.1,-0.2,0,0.3,0,2,3.6,4.3
3926,2017,Casey Fien,33,0,0,0,1,-0.9,-0.3,1.8,1.7,0,1,1.1,1.24
9911,2017,Chris Carter,30,0,0,1,0,1,0.9,2.2,2.4,0,1,3,3.38
9736,2015,Burke Badenhop,32,0,0,0,1,0.7,1.5,0.4,0.4,0,1,1,1.19
1737,2014,Justin Morneau,33,1,0,1,0,0.8,1.3,-0.6,0.1,0,2,12.5,15.37
828,2010,Nick Johnson,31,0,0,1,0,1.5,1.5,0.9,1.1,0,1,5.75,7.96
4759,2016,Jonathan Broxton,32,1,0,0,1,0.2,-0.1,0.4,1.1,0,2,7.5,8.69
1663,2010,Javier Lopez,32,0,0,0,1,-0.2,-0.4,0.2,2.8,0,1,0.78,1.08
4897,2016,Scott Kazmir,32,1,0,0,1,2.3,3,6,2.9,0,3,48,55.65
1906,2011,Jason Frasor,33,0,0,0,1,0.8,0.7,1.3,1.9,0,1,3.5,4.7
785,2020,Todd Frazier,34,1,0,1,0,1.9,1.8,4.6,5.1,0,1,5,5.15
2113,2012,Ryan Doumit,31,0,0,1,0,-0.2,1.1,-4.3,1.4,0,1,3,3.91
944,2007,Barry Zito,29,1,0,0,1,2.2,4.5,6.1,6.1,1,7,126,190.59
190,2007,Nomar Garciaparra,33,1,18,1,0,2,2.5,1.8,1.4,0,2,18.5,27.98
4699,2012,Joel Zumaya,27,0,0,0,1,0,0,0.9,0.7,0,1,0.85,1.11
7287,2018,Carlos Gonzalez,32,1,0,1,0,0,-0.2,5.4,4.9,0,1,8,8.74
906,2013,Eric Chavez,35,0,0,1,0,1.6,1.6,-0.3,0.2,0,1,3,3.8
3811,2012,Ryan Theriot,32,0,0,1,0,0.2,0.3,1.7,1.6,0,1,1.25,1.63
4567,2014,Josh Johnson,30,1,0,0,1,0.4,-1.5,5.1,6.8,0,1,8,9.84
1945,2015,Corey Hart,33,1,0,1,0,-0.9,-0.5,2.2,1.8,0,1,2.5,2.99
5003,2019,Jake Diekman,32,0,0,0,1,0.6,-0.2,0.8,1.5,0,1,2.75,2.92
512,2015,A.J. Burnett,38,0,0,0,1,1.7,-0.1,7.5,4.6,0,1,8.5,10.15
10030,2019,Chris Owings,27,0,0,1,0,-0.7,-0.1,1.3,1.9,0,1,3,3.18
4300,2016,Matt Albers,33,0,0,0,1,0.3,1.4,0.5,1.1,0,1,2.25,2.61
844,2013,Mariano Rivera,43,1,0,0,1,0.4,0.4,4,5.3,0,1,10,12.67
1757,2014,Dan Haren,33,1,0,0,1,1.6,-0.1,7.7,4,0,1,10,12.3
804,2008,Brad Wilkerson,31,0,0,1,0,0.8,0.5,2.2,2.1,0,1,3,4.41
19756,2020,Yoshihisa Hirano,36,0,0,0,1,0.5,-0.4,0.3,1.1,0,1,1.6,1.65
4806,2020,Rich Hill,40,0,0,0,1,0.9,1.1,4,3.7,0,1,3,3.09
9054,2015,Justin Smoak,28,0,0,1,0,-0.2,-0.3,-0.1,0.8,0,1,1,1.19
535,2010,Brad Penny,32,1,0,0,1,1.8,1.6,4.4,4.9,0,1,7.5,10.38
25,2010,José Molina,35,0,0,1,0,0.9,-0.1,3.4,0.7,0,1,0.4,0.55
1904,2011,Adam LaRoche,31,0,0,1,0,0.7,1.1,3.4,3.5,0,2,16,21.5
4538,2014,Jason Hammel,31,0,0,0,1,0.6,-0.3,3.7,3.8,0,1,6,7.38
9434,2020,Dallas Keuchel,32,1,0,0,1,0.8,2,5.5,6.8,0,3,55.5,57.17
7108,2019,Pat Venditte,34,0,0,0,1,0.1,0.2,-0.2,-0.5,0,1,0.59,0.63
301,2008,Mark Prior,27,1,0,0,1,0,0,2.7,2.8,0,1,1,1.47
1118,2019,Marco Estrada,35,1,0,0,1,0.4,0.8,5.3,5.5,0,1,4,4.24
4892,2018,Mike Moustakas,29,1,3,1,0,2,1.6,4.6,4.9,1,1,6.5,7.1
409,2011,Jim Thome,40,1,2,1,0,3.1,3.6,2.5,3.4,0,1,3,4.03
2929,2017,Jeff Locke,29,1,0,0,1,0.3,-0.3,1.5,-0.2,0,1,3.03,3.41
520,2010,Alex Gonzalez,33,1,0,1,0,0.3,-0.9,2.2,2.2,0,1,2.75,3.81
1437,2014,Joaquin Benoit,36,0,0,0,1,1.4,2.8,1.3,2.3,0,2,15.5,19.06
454,2011,Juan Uribe,32,0,0,1,0,2.7,1.5,3.1,4,0,3,21,28.22
6153,2019,Eduardo Escobar,30,0,0,1,0,3.6,3.4,1.6,0.6,0,3,21,22.28
8782,2018,Andrew Cashner,31,0,0,0,1,2.2,4.7,2.2,-1.6,0,2,16,17.48
9776,2020,Jason Kipnis,33,1,0,1,0,1.1,0.7,2.5,2,0,1,1,1.03
813,2013,Randy Choate,37,0,0,0,1,0.5,0.6,0.4,0.9,0,3,7.5,9.5
3815,2016,Mat Latos,28,0,0,0,1,1.6,-0.5,6.8,4.4,0,1,3,3.48
1186,2008,So Taguchi,38,0,0,1,0,0.4,-0.1,1.5,1.7,0,1,1.05,1.54
90,2007,Tom Glavine,41,1,0,0,1,2.9,2.8,6.4,8.1,1,1,10.5,15.88
11493,2019,Manny Machado,26,1,150,1,0,6.2,5.8,8.8,11.1,0,10,300,318.27
1794,2010,Mike Gonzalez,32,0,0,0,1,0.8,1.5,0.5,0.2,1,2,12,16.61
25,2014,José Molina,39,0,0,1,0,2.1,0,5.7,2,0,2,4.5,5.53
2886,2014,Juan Carlos Oviedo,32,0,0,0,1,0,0,0.2,0.6,0,1,1.5,1.84
96,2012,Andruw Jones,35,1,0,1,0,1.5,0.9,2,2.2,0,1,2,2.61
1312,2010,Brandon Lyon,30,0,0,0,1,0.8,1.9,2.2,2.2,0,3,15,20.76
4684,2011,Jeff Francis,30,0,0,0,1,1.7,0.4,1.5,1.5,0,1,2,2.69
788,2007,Tomo Ohka,31,0,0,0,1,0.9,0.4,2.7,3.3,0,1,1.5,2.27
3376,2018,Nick Hundley,34,0,0,1,0,-0.1,0.5,0.9,2,0,1,2.5,2.73
4538,2015,Jason Hammel,32,0,0,0,1,1.8,3.2,3.2,2.6,0,2,18,21.49
1157,2018,Tommy Hunter,31,0,0,0,1,1.1,1.3,0.9,0.8,0,2,18,19.67
375,2017,Bartolo Colon,44,1,0,0,1,2.4,3,5.2,1.7,0,1,12.5,14.07
843,2012,Juan Rivera,33,0,0,1,0,0.3,0.5,3,3.6,0,1,4.5,5.87
96,2008,Andruw Jones,31,1,380,1,0,3.3,3,13.8,12.4,0,2,36.2,53.16
1926,2012,Scott Hairston,32,0,0,1,0,0.3,0.4,1.7,3,0,1,1.1,1.44
6562,2018,Alex Cobb,30,0,0,0,1,2.2,2.3,-0.1,-0.8,1,4,57,62.29
2578,2018,Peter Bourjos,31,0,0,1,0,0.3,0.6,0,-0.5,0,1,1.45,1.58
1736,2018,Jose Reyes,35,1,0,1,0,2,0,2.2,0.9,0,1,2,2.19
1551,2009,David Ross,32,0,0,1,0,2.4,0.6,3.1,1.6,0,2,3,4.28
9054,2020,Justin Smoak,33,1,0,1,0,0.2,0.3,5.3,5,0,1,5,5.15
1514,2013,Oliver Perez,31,0,0,0,1,0.6,1,-1.1,-1.2,0,1,1.5,1.9
1112,2010,Pedro Feliz,35,0,0,1,0,1.3,1.2,3.5,2.9,0,1,4.5,6.23
327,2009,Ken Griffey Jr.,39,1,0,1,0,-0.5,0.4,-1.2,0.6,0,1,2,2.85
1100,2010,Rafael Soriano,30,0,0,0,1,1.8,1.9,0.7,1.6,0,1,7.25,10.04
5702,2020,Junior Guerra,35,0,0,0,1,0.3,1.3,0.9,0,0,1,2.55,2.63
2106,2010,Ryan Church,31,0,0,1,0,1,1.9,4.2,4.8,0,1,1.5,2.08
443,2007,Juan Pierre,29,0,9,1,0,3.1,2,5.5,4.3,0,5,44,66.55
1386,2007,Alex Cora,31,0,0,1,0,-0.1,0.3,2.6,3.1,0,2,4,6.05
6943,2015,Luke Hochevar,31,0,0,0,1,0,0,2.5,1,0,2,10,11.94
729,2014,LaTroy Hawkins,41,0,0,0,1,1.2,0.6,0.5,1,0,1,2.5,3.07
1658,2010,Xavier Nady,31,0,0,1,0,-0.1,-0.1,3.5,4.2,0,1,3.3,4.57
2041,2010,John Buck,29,0,0,1,0,0.1,0.5,1.6,0.4,0,1,2,2.77
434,2008,Jason Jennings,29,0,0,0,1,0.4,-0.6,5.6,6,0,1,4,5.87
7550,2018,Jake McGee,31,0,0,0,1,1.5,1.4,0.8,1.2,0,3,27,29.5
521,2015,Jason Grilli,38,1,0,0,1,0.3,-0.3,2.8,1.9,0,2,8,9.55
3200,2014,Ervin Santana,31,1,0,0,1,2.5,3.2,1.7,1.8,1,1,14.1,17.34
2332,2013,Joel Peralta,37,0,0,0,1,1,0.6,1.7,2.4,0,2,6,7.6
1475,2011,Jon Rauch,32,0,0,0,1,1.3,1.2,1.6,1.8,0,1,3.5,4.7
978,2014,Bronson Arroyo,37,1,0,0,1,1.2,2.2,0.7,1.8,0,2,23.5,28.9
1514,2016,Oliver Perez,34,0,0,0,1,0.5,-0.3,1.2,0.9,0,2,7,8.11
6893,2016,Johnny Cueto,30,1,22,0,1,4.1,4,5.2,7.9,0,6,130,150.71
934,2012,Carlos Pena,34,1,0,1,0,2.5,2.6,3.9,5.2,0,1,7.25,9.46
795,2012,Brian Schneider,35,0,0,1,0,-0.5,-0.9,0.4,0.7,0,1,0.8,1.04
144,2009,Jerry Hairston Jr.,33,0,0,1,0,2.7,2,-1,-0.4,0,1,2,2.85
535,2011,Brad Penny,33,1,0,0,1,0.9,0.6,1.8,0.6,0,1,3,4.03
311,2009,Aaron Boone,36,1,0,1,0,-0.1,-0.6,-0.7,-0.3,0,1,0.75,1.07
1247,2019,Adam Ottavino,33,0,0,0,1,1.9,2.5,0.5,1.2,0,3,27,28.64
6483,2020,Steve Cishek,34,0,0,0,1,0.2,1.9,1.6,3.6,0,1,6,6.18
1383,2009,Mark Loretta,37,1,0,1,0,1.2,0.6,1.3,1.2,0,1,1.25,1.78
494,2014,Fernando Rodney,37,1,24,0,1,1.2,0.5,1.7,3.3,0,2,14,17.22
1591,2010,Jamey Carroll,36,0,0,1,0,1.3,2.1,2.1,2.7,0,2,3.85,5.33
565,2007,Julio Lugo,31,0,0,1,0,1.7,1,8.3,8,0,4,36,54.45
3344,2014,Mitchell Boggs,30,0,0,0,1,-0.9,-1.1,0.9,2,0,1,1.1,1.35
19,2012,Adam Kennedy,36,0,0,1,0,0.4,0,1.8,1.7,0,1,0.8,1.04
108,2009,Joe Nelson,34,0,0,0,1,0.9,1.7,0.2,0.5,0,1,1.3,1.85
1012,2007,Kip Wells,30,0,0,0,1,0.4,-0.3,2.3,1.2,0,1,4,6.05
13110,2016,Yoenis Cespedes,30,1,24,1,0,5.8,6.3,5.4,5.8,0,3,75,86.95
11426,2019,Drew Pomeranz,30,1,0,0,1,-0.4,-0.5,5.9,7.7,0,1,1.5,1.59
823,2007,Orlando Hernandez,37,0,0,0,1,2.7,1.2,3,3.2,0,2,12,18.15
3448,2019,Jeff Mathis,36,0,0,1,0,0.9,0.6,1.3,0,0,2,6.25,6.63
3179,2011,Dioner Navarro,27,1,0,1,0,-0.2,0,-0.7,1.6,0,1,1,1.34
10762,2020,Corey Dickerson,31,1,0,1,0,1,0.8,5.3,6.3,0,2,17.5,18.03
10556,2020,Cesar Hernandez,30,0,0,1,0,1.7,1.6,5.4,4.5,0,1,6.25,6.44
1845,2015,Jonny Gomes,34,0,0,1,0,0.3,-0.5,3.8,3.4,0,1,4,4.78
369,2008,Milton Bradley,30,0,0,1,0,2.1,2.2,4.2,3,0,1,5,7.34
1392,2007,Mark DeRosa,32,0,0,1,0,2.9,3.6,-1.2,0.2,0,3,13,19.66
3353,2017,Matt Joyce,32,1,0,1,0,1.9,1.8,0.3,0.6,0,2,11,12.38
246,2007,Kenny Lofton,40,1,0,1,0,1,0.8,4.1,4.9,0,1,6,9.08
612,2012,Mike MacDougal,35,1,0,0,1,0,1.4,-0.3,-0.4,0,1,1,1.3
3321,2020,Darren O'Day,37,1,0,0,1,0.1,0.2,1.3,1.4,0,1,2.75,2.83
1152,2007,J.D. Drew,31,0,114,1,0,4.2,4,11.4,11.5,1,5,70,105.88
7619,2015,Mark Reynolds,31,0,0,1,0,1,0.2,1.2,-0.1,0,1,2,2.39
512,2014,A.J. Burnett,37,0,0,0,1,4,2,4,2.6,0,1,16,19.68
555,2011,Octavio Dotel,37,0,0,0,1,0.2,0.4,1.4,2,0,1,3.5,4.7
837,2007,Mike Mussina,38,1,0,0,1,5.2,5,5.5,5.8,1,2,23,34.79
2072,2013,Jeremy Guthrie,34,0,0,0,1,0.8,1.9,4.1,6.2,0,3,25,31.67
754,2012,J.C. Romero,36,0,0,0,1,0.1,0,-0.9,0.7,0,1,0.75,0.98
1089,2007,Gil Meche,28,0,0,0,1,1.9,0.9,1.6,0.7,0,5,55,83.19
494,2018,Fernando Rodney,41,1,0,0,1,1.3,0.3,-0.4,0.5,0,1,4.5,4.92
1430,2009,Adam Everett,32,0,0,1,0,0.3,0.2,2.7,4.5,0,1,1,1.43
1244,2010,Doug Davis,34,0,0,0,1,1.1,2.4,4.5,4.8,0,1,5.25,7.27
589,2014,Carlos Beltran,37,1,9,1,0,2.7,2.3,7.6,8.5,1,3,45,55.34
1408,2008,Mark Sweeney,38,0,0,1,0,0.4,0.5,1.7,2,0,1,0.6,0.88
361,2007,Scott Williamson,31,1,0,0,1,0.3,-0.3,0.4,1.1,0,1,0.9,1.36
3281,2020,Joe Smith,36,0,0,0,1,0.4,0.6,2,1.6,0,2,8,8.24
7836,2019,Hunter Strickland,30,0,0,0,1,-0.2,-0.5,1.4,2.9,0,1,1.3,1.38
5491,2020,Austin Romine,31,0,0,1,0,0.9,0.7,0.9,0.4,0,1,4.15,4.27
96,2011,Andruw Jones,34,1,0,1,0,1.4,1.9,-0.5,-1.3,0,1,2,2.69
13048,2016,Hisashi Iwakuma,35,1,2,0,1,1.7,2.6,6.9,9.4,1,1,12,13.91
1157,2020,Tommy Hunter,33,0,0,0,1,0.2,0.2,1.8,2.7,0,1,0.85,0.88
148,2009,Jorge Julio,30,0,0,0,1,0.1,0.4,0.4,0.2,0,1,0.95,1.35
7462,2017,Trevor Plouffe,31,0,0,1,0,-0.1,0.2,6,7,0,1,5.25,5.91
945,2009,Bobby Abreu,35,1,4,1,0,1.6,2.7,7,6.3,0,1,5,7.13
5209,2016,Alex Gordon,32,1,44,1,0,2.7,2.6,9.8,10.2,1,4,72,83.47
3978,2017,Chris Heisey,32,0,0,1,0,0.1,-0.1,0.6,1.1,0,1,1.4,1.58
444,2009,Dennys Reyes,32,0,0,0,1,0.4,1.8,0.9,2.5,0,2,3,4.28
402,2007,David Riske,30,0,0,0,1,0,0.8,0,2,1,1,2.25,3.4
5372,2018,Michael Pineda,29,1,0,0,1,1,0.6,6.8,3,0,2,10,10.93
518,2009,Cliff Floyd,36,1,0,1,0,0.6,0.9,1,-0.3,0,1,0.75,1.07
367,2010,Danys Baez,32,1,0,0,1,0.1,0.8,-0.9,-0.6,0,2,5.25,7.27
11400,2019,Ronald Torreyes,26,0,0,1,0,0.5,0.1,1.3,1.1,0,1,0.8,0.85
729,2008,LaTroy Hawkins,35,0,0,0,1,0.2,1.2,0.9,1.1,0,1,3.75,5.51
2151,2011,Edwin Encarnacion,28,0,0,1,0,1.7,1.6,1.7,0.6,0,1,2.5,3.36
304,2012,Kerry Wood,35,1,0,0,1,0.4,0.4,0.5,1.3,0,1,3,3.91
304,2009,Kerry Wood,32,1,0,0,1,2.1,1.9,0.3,0.4,0,2,20.5,29.23
633,2007,Jeff Suppan,32,0,0,0,1,1.9,1.2,3.2,2.6,1,4,42,63.53
404,2009,CC Sabathia,28,1,132,0,1,7.4,6.8,11.5,10.9,1,7,161,229.55
1267,2010,Chan Ho Park,37,1,0,0,1,1.5,0.3,0,0.9,0,1,1.2,1.66
10745,2019,Trevor Rosenthal,29,1,0,0,1,0,0,1.8,0.6,0,1,7,7.43
3376,2015,Nick Hundley,31,0,0,1,0,0,0.3,-1.5,0.5,0,2,6.25,7.46
4062,2016,Dexter Fowler,30,0,0,1,0,3,2.4,4.1,3.8,1,1,13,15.07
1659,2010,Hideki Matsui,36,1,0,1,0,2.4,2.7,3.8,5.2,0,1,6.5,9
4712,2017,Ben Revere,29,0,0,1,0,-1,-1,4.1,4.1,0,1,4,4.5
4229,2020,Howie Kendrick,36,1,0,1,0,2.9,2.5,2,1.7,0,1,6.25,6.44
1281,2009,Mark Teixeira,29,1,1,1,0,6.9,7.8,7.9,9,1,8,180,256.64
1844,2007,Aaron Miles,30,0,0,1,0,-0.6,-0.2,-0.9,0.3,0,1,1,1.51
24,2010,Bengie Molina,35,0,0,1,0,0.6,-0.5,2.7,2.9,0,1,4.5,6.23
9948,2017,Mike Dunn,32,0,0,0,1,0.3,0.6,1.2,0,0,3,19,21.38
3531,2019,Troy Tulowitzki,34,1,0,1,0,0,0,3.1,4.1,0,1,0.56,0.59
202,2007,Doug Mirabelli,36,0,0,1,0,-0.5,-0.8,1.3,1.9,0,1,0.75,1.13
3256,2017,Welington Castillo,30,0,0,1,0,1.2,2.2,1.1,2.4,0,1,6,6.75
8259,2017,Kurt Suzuki,33,1,0,1,0,0,0.3,-1.1,3,0,1,1.5,1.69
19,2010,Adam Kennedy,34,0,0,1,0,1.5,1.1,0.3,1.1,0,1,1.25,1.73
864,2009,John Bale,35,0,0,0,1,0.5,0.4,0.8,0.5,0,1,1.2,1.71
1213,2011,Aubrey Huff,34,0,82,1,0,5.7,5.7,1.9,2.4,0,2,22,29.57
4962,2020,Asdrubal Cabrera,34,1,0,1,0,1.9,0.7,4,2.1,0,1,2.5,2.58
1580,2010,Chone Figgins,32,1,34,1,0,6.6,7.7,7.3,5.7,1,4,36,49.83
1703,2012,Dontrelle Willis,30,1,0,0,1,0.9,-0.3,-0.2,-0.8,0,1,0.85,1.11
1642,2015,Francisco Rodriguez,33,1,0,0,1,-0.6,1.4,0.5,0.8,0,2,13,15.52
1904,2010,Adam LaRoche,30,0,0,1,0,2.1,2.2,3.2,2.8,0,1,6,8.31
243,2007,Carlos Lee,31,1,19,1,0,1.9,3.1,7.3,6,1,6,100,151.26
4881,2017,Carlos Gomez,31,1,13,1,0,0,0,7.9,6.9,0,1,11.5,12.94
6291,2011,George Sherrill,34,1,0,0,1,-0.6,-0.9,1.7,3.3,0,1,1.2,1.61
115,2009,John Smoltz,42,1,0,0,1,1,0.9,11,10.4,0,1,5.5,7.84
1066,2009,Willie Bloomquist,31,0,0,1,0,0.5,1.3,0.2,0.7,0,2,3.1,4.42
4346,2009,Lance Cormier,28,0,0,0,1,0.5,0.5,-0.9,-0.8,0,1,0.68,0.97
11760,2020,Drew Smyly,31,0,0,0,1,-0.3,-0.2,0,0,0,1,4,4.12
1208,2008,Chris Gomez,37,0,0,1,0,-0.1,0.2,0,0.3,0,1,1,1.47
454,2010,Juan Uribe,31,0,0,1,0,2.8,3.5,0.9,0.5,0,1,3.25,4.5
697,2014,J.P. Arencibia,28,0,0,1,0,0.1,-0.1,-0.3,2.6,0,1,1.8,2.21
3281,2018,Joe Smith,34,0,0,0,1,1.8,1.1,0.6,1.3,0,2,15,16.39
4140,2012,Jose Mijares,27,0,0,0,1,-0.4,-0.2,0.8,2.8,0,1,0.93,1.21
3255,2017,Franklin Gutierrez,34,0,0,1,0,1,0.3,2.3,2.6,0,1,2.6,2.93
7474,2016,Ryan Webb,30,0,0,0,1,0.1,0.6,1.1,1.3,0,1,1,1.16
1187,2008,Mike Timlin,42,0,0,0,1,0,1,2.1,3.8,0,1,3,4.41
1259,2016,Colby Lewis,36,0,0,0,1,2.6,1,1.2,-0.4,0,1,6,6.96
3192,2020,Will Harris,35,1,0,0,1,1.1,1.9,2,1.7,0,3,24,24.72
2063,2014,Jose Veras,33,0,0,0,1,0.7,1.4,1,0.9,0,1,4,4.92
739,2008,Kyle Lohse,29,0,0,0,1,3,1.9,3.1,2.8,0,1,4.25,6.24
237,2010,Bob Howry,36,0,0,0,1,0.5,0.9,1.9,1.5,0,1,2.25,3.11
375,2013,Bartolo Colon,40,1,0,0,1,2.6,2.7,2.3,1.5,0,1,3,3.8
1994,2017,Ivan Nova,30,0,0,0,1,2.3,1.8,0.1,0,0,3,26,29.26
14107,2020,Kevin Gausman,29,0,0,0,1,1.6,-0.7,4.9,5.3,0,1,9,9.27
45,2012,Rod Barajas,36,0,0,1,0,0.6,1.3,1.6,1.7,0,1,4,5.22
1178,2009,Edgar Renteria,32,1,0,1,0,1.1,1.1,7.6,8.3,0,2,18.5,26.38
9346,2018,Brandon Morrow,33,0,0,0,1,1.6,1.1,0.4,1.4,0,2,21,22.95
517,2013,Ryan Dempster,36,1,0,0,1,2.7,4,5.2,3.5,0,2,26.5,33.57
3856,2013,Jeff Keppinger,33,0,0,1,0,2.7,2.6,1.4,0.4,0,3,12,15.2
126,2010,Erik Bedard,31,0,0,0,1,2,2,6,6.9,0,1,1.5,2.08
6627,2020,Brad Brach,34,1,0,0,1,0.7,0,1.9,1.6,0,2,2.1,2.16
3469,2012,Luke Scott,34,0,0,1,0,-0.1,0.3,4.1,4.9,0,1,6,7.83
5640,2016,Tyler Clippard,31,1,0,0,1,0.2,1.2,2,3.1,0,2,12.25,14.2
525,2011,Derrek Lee,35,1,76,1,0,1.4,1.5,7.6,7.3,1,1,7.5,10.08
7593,2020,Jordan Lyles,29,0,0,0,1,1.6,2,0.3,-0.8,0,2,16,16.48
650,2008,Eric Gagne,32,1,0,0,1,0.9,1.3,0.4,0.4,0,1,10,14.69
754,2011,J.C. Romero,35,0,0,0,1,-0.5,0.4,-0.5,1.9,0,1,1.35,1.81
290,2008,Ron Mahay,37,0,0,0,1,0.5,2,0,0.1,0,2,8,11.75
656,2011,Cesar Izturis,31,1,0,1,0,-0.3,0.3,1.5,3,0,1,1.5,2.02
518,2007,Cliff Floyd,34,1,4,1,0,0.2,-0.4,4.9,5.4,1,1,3,4.54
6021,2011,Takashi Saito,41,1,0,0,1,1.2,0.7,1.9,3,1,1,1.75,2.35
5003,2020,Jake Diekman,33,0,0,0,1,1,0.2,0.6,0.3,0,2,7.5,7.73
731,2015,Torii Hunter,39,1,2,1,0,1.1,0.9,7.8,8,0,1,10.5,12.54
9425,2018,Doug Fister,34,0,0,0,1,1.4,0.1,1,-0.1,0,1,4,4.37
157,2010,Melvin Mora,38,1,0,1,0,0.3,-0.1,5.2,4.1,0,1,1.3,1.8
6589,2017,Sean Rodriguez,32,0,0,1,0,1.7,1.8,-0.2,0,0,2,11,12.38
589,2012,Carlos Beltran,35,1,3,1,0,4.3,4.6,3.6,4.3,1,2,26,33.92
1094,2007,Joel Pineiro,28,0,0,0,1,0.4,-1.9,3.6,1.6,0,1,4,6.05
5960,2014,Wesley Wright,29,0,0,0,1,0,0.7,0.6,1.7,0,1,1.43,1.76
3255,2014,Franklin Gutierrez,31,0,0,1,0,0.7,0.4,1.2,0.7,0,1,1,1.23
10123,2020,Kyle Gibson,32,0,0,0,1,2.6,0.1,3.6,3.7,0,3,30,30.9
4682,2018,Pat Neshek,37,1,0,0,1,2.6,2.8,0.6,0.7,0,2,16.25,17.76
37,2007,Scott Spiezio,34,0,0,1,0,1.3,1.6,-0.9,-1.8,0,2,4.5,6.81
731,2008,Torii Hunter,32,1,5,1,0,3.2,3.9,4.6,6.5,1,5,90,132.17
2140,2015,Delmon Young,29,0,0,1,0,0.9,1,-1.6,-1.4,0,1,2.25,2.69
2047,2011,Jorge De La Rosa,30,0,0,0,1,1.4,1.6,5.6,3.6,1,2,21.5,28.89
454,2014,Juan Uribe,35,0,0,1,0,3.8,3.6,0,-0.5,0,2,15,18.45
2063,2013,Jose Veras,32,0,0,0,1,0.3,0.5,0.8,1,0,1,1.85,2.34
3882,2016,Chris Young,32,1,0,1,0,0.8,1,1.3,0.7,0,2,13,15.07
7608,2017,Thomas Milone,30,0,0,0,1,-0.1,-0.6,2.2,1.7,0,1,1.25,1.41
6428,2011,Jeremy Accardo,29,0,0,0,1,0.1,-0.2,-0.1,0.1,0,1,1.08,1.45
6195,2019,Ian Kinsler,37,1,0,1,0,2.2,2.4,8,8.4,0,2,8,8.49
494,2016,Fernando Rodney,39,1,0,0,1,-0.8,-0.5,2.2,1.3,0,1,2,2.32
5000,2020,Stephen Vogt,35,1,0,1,0,0.9,1.2,0,-0.4,0,1,3,3.09
4153,2018,Jake Arrieta,32,1,134,0,1,2.5,1.9,10.5,12.1,1,3,75,81.95
18719,2018,Seunghwan Oh,35,0,0,0,1,0,-0.1,2.6,2.9,0,1,2.75,3
9393,2019,Matt Adams,30,0,0,1,0,0.8,1,1.6,0.7,0,1,3,3.18
3284,2013,Anibal Sanchez,29,0,0,0,1,3.5,3,7.9,6.8,0,5,80,101.34
5203,2014,Mike Pelfrey,30,0,0,0,1,2.4,0.2,1.8,1.2,0,2,11,13.53
10481,2017,Shawn Tolleson,29,0,0,0,1,-0.2,-1.3,1,3.5,0,1,1.15,1.29
13658,2019,Terrance Gore,28,0,0,1,0,0.1,0.1,0.1,-0.1,0,1,0.65,0.69
1945,2014,Corey Hart,32,1,0,1,0,0,0,5.9,5,0,1,6,7.38
9492,2016,Bud Norris,31,0,0,0,1,0,-1.9,4,4,0,1,2.5,2.9
1636,2011,Cliff Lee,32,1,24,0,1,7.3,5.1,13.2,12.2,1,5,120,161.27
6483,2016,Steve Cishek,30,0,0,0,1,0.1,-0.1,3.7,3,0,2,10,11.59
2233,2020,Adam Wainwright,38,1,0,0,1,2.2,1.6,1.9,0.4,0,1,5,5.15
818,2009,Jason Giambi,38,1,9,1,0,2.4,1.9,3.7,3.7,0,1,5.25,7.49
1307,2010,Orlando Hudson,32,1,0,1,0,2.8,4.1,3.9,6.4,0,1,5,6.92
1666,2011,D.J. Carrasco,34,0,0,0,1,0.4,0.5,1.7,2.4,0,2,2.5,3.36
2074,2010,Chien-Ming Wang,30,0,0,0,1,0.1,-1.4,5.3,7,0,1,2,2.77
4817,2011,Jesse Crain,29,0,0,0,1,0.7,1,0.7,0.9,0,3,13,17.47
12880,2020,Tyler Anderson,30,0,0,0,1,-0.3,-0.9,3,4.1,0,1,1.78,1.83
520,2012,Alex Gonzalez,35,1,0,1,0,0.5,1.4,3.3,4.2,0,1,4.25,5.55
4940,2016,Jason Heyward,26,1,15,1,0,5.6,6.9,7.7,9.1,1,8,184,213.31
4662,2013,Brandon McCarthy,29,0,0,0,1,1.9,2.1,4.5,3.3,0,2,15.5,19.63
4676,2019,Charlie Morton,35,1,0,0,1,2.9,3.8,3.6,2.3,0,2,30,31.83
840,2007,Andy Pettitte,35,1,5,0,1,3.4,1.5,7.7,7.9,0,1,16,24.2
1574,2008,Mark Hendrickson,34,0,0,0,1,1.6,0.1,3.8,1.9,0,1,1.5,2.2
6176,2013,Scott Baker,31,0,0,0,1,0,0,5,5.7,0,1,5.5,6.97
3086,2018,Mitch Moreland,32,0,0,1,0,0.9,1.8,2.2,3.3,0,2,13,14.21
1153,2007,Jim Edmonds,37,1,164,1,0,1.7,1.3,14.4,11.6,1,2,19,28.74
841,2008,Jorge Posada,36,1,112,1,0,5.6,5.4,7.6,8.4,0,4,52.4,76.95
33,2007,Scott Schoeneweis,33,0,0,0,1,0.2,0.2,1.7,1.3,0,3,10.8,16.34
1767,2011,Kevin Correia,30,0,0,0,1,0.1,-1.7,3.4,0.7,0,2,8,10.75
11368,2019,Yasmani Grandal,30,1,4,1,0,4.7,3.6,9.9,5.4,1,1,18.25,19.36
1051,2015,Jake Peavy,34,1,0,0,1,1.5,1.7,6.3,6.3,0,2,24,28.66
741,2007,Doug Mientkiewicz,33,0,0,1,0,0.9,2.2,-0.6,0.6,0,1,1.5,2.27
42,2008,Matt Wise,32,0,0,0,1,0.6,0.1,0.8,1.2,0,1,1.2,1.76
773,2014,Scott Downs,38,0,0,0,1,0.6,1.3,0.9,2.5,0,1,3.75,4.61
314,2007,Sean Casey,32,1,0,1,0,-0.7,-0.7,4.7,5.4,1,1,4,6.05
947,2008,Marlon Anderson,34,0,0,1,0,0.6,0.7,2.3,2.2,0,2,2.2,3.23
126,2012,Erik Bedard,33,0,0,0,1,2.1,1.2,2,2,0,1,4.5,5.87
3237,2018,T.J. McFarland,29,0,0,0,1,0.2,-0.9,-0.3,-0.8,0,1,0.85,0.93
2184,2010,Gabe Gross,30,0,0,1,0,0.6,0.8,3.2,2,0,1,0.75,1.04
1844,2009,Aaron Miles,32,0,0,1,0,1.6,2.2,-0.7,-0.3,0,2,4.9,6.99
4613,2012,Prince Fielder,28,1,432,1,0,4.7,4.5,8.5,7.8,1,9,214,279.22
7196,2018,Greg Holland,32,1,0,0,1,1.1,1.5,0.8,0.3,1,1,14,15.3
7087,2019,Caleb Joseph,33,0,0,1,0,-0.4,0.2,0.5,0.8,0,1,1.1,1.17
11982,2020,Travis Shaw,30,0,0,1,0,-0.8,-1.2,7.1,7.7,0,1,4,4.12
1030,2009,Alan Embree,39,0,0,0,1,0,-0.6,2.2,1.3,0,1,2.25,3.21
3555,2019,Tony Barnette,35,0,0,0,1,0.3,0.4,1.5,2.1,0,1,0.75,0.8
9893,2017,Colby Rasmus,30,0,0,1,0,1.1,2.6,4.4,4,0,1,5,5.63
4253,2012,Micah Owings,29,0,0,0,1,-0.1,0.3,-0.3,-0.9,0,1,1,1.3
1679,2017,Chase Utley,38,1,0,1,0,2.2,1.2,3.8,3.9,0,1,2,2.25
5942,2019,Jesus Sucre,31,0,0,1,0,-1.3,-0.1,1.7,0.7,0,1,0.85,0.9
3677,2017,Logan Ondrusek,32,0,0,0,1,-0.1,-0.3,0,-0.8,0,1,0.65,0.73
844,2008,Mariano Rivera,38,1,61,0,1,2,2,5,8,0,3,45,66.08
4892,2019,Mike Moustakas,30,1,0,1,0,2.4,2.4,2.8,2.4,0,1,10,10.61
3283,2013,Hiroki Kuroda,38,0,0,0,1,3.4,5.3,7.2,6.9,1,1,15,19
9549,2016,David Freese,33,1,0,1,0,2.2,2.9,2.9,2.1,0,1,3,3.48
2234,2014,Kelly Johnson,32,0,0,1,0,1.1,0.9,2.7,3.6,0,1,3,3.69
13075,2015,Norichika Aoki,33,0,0,1,0,1.9,1.2,4.6,5.9,0,1,4.7,5.61
5254,2019,Robbie Grossman,29,0,0,1,0,0.8,1.7,1.4,1.2,0,1,2,2.12
4371,2017,Jeremy Hellickson,30,0,0,0,1,3.4,2.9,1.2,0.1,1,1,17.2,19.36
6609,2019,Freddy Galvis,29,0,0,1,0,1.2,2,3.8,3.1,0,1,5,5.3
282,2009,Tom Gordon,41,1,0,0,1,0,-0.7,0.5,1.8,0,1,0.5,0.71
3256,2018,Welington Castillo,31,0,0,1,0,2,2.3,1.7,3.3,0,2,15,16.39
7528,2015,Kevin Frandsen,33,0,0,1,0,-0.5,-0.6,1.2,1.7,0,1,1,1.19
11579,2019,Bryce Harper,26,1,21,1,0,3.4,1.5,7.7,6.3,1,13,330,350.1
798,2010,Fernando Tatis,35,0,0,1,0,1.7,1.5,1.3,1.3,0,1,0.85,1.18
12638,2019,Nate Karns,31,0,0,0,1,0,0,1.9,1.1,0,1,0.8,0.85
6021,2010,Takashi Saito,40,1,0,0,1,0.3,1.6,3.6,4.9,0,1,3.2,4.43
840,2013,Andy Pettitte,41,1,0,0,1,1.4,2.1,2.6,2.6,0,1,12,15.2
910,2010,Justin Duchscherer,32,1,0,0,1,0,0,2.2,3.8,0,1,2,2.77
2041,2014,John Buck,33,1,0,1,0,-0.2,0.7,0.8,1.3,0,1,1,1.23
3867,2012,Kelly Shoppach,32,0,0,1,0,0.6,0.7,0.4,1.3,0,1,1.35,1.76
46,2007,Miguel Batista,36,0,0,0,1,2.9,2.3,2.1,2.1,0,3,25,37.81
1433,2019,Wilson Ramos,31,1,6,1,0,2.2,2.5,3.9,3.2,0,2,19,20.16
551,2009,Doug Brocail,42,0,0,0,1,0.7,0.9,0.5,0.6,0,1,2.75,3.92
1243,2008,Francisco Cordero,33,1,0,0,1,2.4,1.7,2.7,3.3,1,4,46,67.55
1327,2007,Jayson Werth,28,0,0,1,0,0,0,3.6,4.3,0,1,0.85,1.29
746,2015,A.J. Pierzynski,38,1,0,1,0,-1.3,-0.6,3.6,5,0,1,2,2.39
6249,2018,Trevor Cahill,30,1,0,0,1,0.3,0.3,0,0.7,0,1,1.25,1.37
9848,2018,Austin Jackson,31,0,0,1,0,1.8,1.9,1.7,1.4,0,2,6,6.56
6887,2019,Martin Maldonado,32,0,0,1,0,1.9,0.3,4.7,2.4,0,1,2.5,2.65
6570,2018,Tom Koehler,32,0,0,0,1,-0.6,-1,2,1.1,0,1,2,2.19
52,2011,Craig Counsell,40,0,0,1,0,0.4,1,2.9,4,0,1,1.4,1.88
1412,2011,Miguel Cairo,37,0,0,1,0,0.7,0.7,0.4,0.5,0,2,2,2.69
3190,2014,Nate McLouth,32,1,0,1,0,2.3,1.9,0.7,0.7,0,2,10.75,13.22
826,2011,Derek Jeter,37,1,193,1,0,2.3,1.7,10.1,9.5,1,3,51,68.54
7870,2018,Jonathan Lucroy,32,1,0,1,0,0,0.5,6.2,4.7,0,1,6.5,7.1
105,2007,Jason Marquis,28,0,0,0,1,-0.5,-1.7,2.5,3.1,0,3,21,31.76
196,2007,Shea Hillenbrand,31,1,0,1,0,-0.1,0.1,2.9,2.6,0,1,6.5,9.83
3376,2017,Nick Hundley,33,0,0,1,0,-0.4,0.1,1.2,2.1,0,1,2,2.25
3057,2013,Mike Napoli,31,1,0,1,0,0.4,1.8,6.5,7.6,0,1,5,6.33
10324,2020,Marcell Ozuna,29,1,8,1,0,2.5,1.9,7.8,8.3,1,1,18,18.54
731,2013,Torii Hunter,37,1,0,1,0,4.7,5.4,5.2,6.6,0,2,26,32.94
202,2008,Doug Mirabelli,37,0,0,1,0,-0.1,-0.3,0,-0.1,0,1,0.55,0.81
1305,2009,Eric Hinske,31,0,0,1,0,2,1.4,0.8,0.7,0,1,1.5,2.14
1100,2011,Rafael Soriano,31,1,21,0,1,1.9,2.1,1.9,2.2,1,3,35,47.04
1258,2009,Mike Lamb,33,0,0,1,0,-1,-1,4,3.2,0,1,0.4,0.57
1177,2012,Albert Pujols,32,1,893,1,0,3.9,5.3,15.1,17.3,1,10,250,326.19
182,2008,Tony Clark,36,1,0,1,0,0,0,2.2,2.3,0,1,0.9,1.32
3096,2017,Kenley Jansen,29,1,0,0,1,3.1,2.8,3.8,2.6,1,5,80,90.04
769,2014,Bruce Chen,37,0,0,0,1,1.3,1.9,3,2.6,0,1,4.25,5.23
3001,2011,Sean Green,32,0,0,0,1,-0.2,-0.2,0.7,-0.6,0,1,0.88,1.18
1726,2010,Jose Valverde,32,1,22,0,1,0.8,1.7,2.5,3.5,1,2,14,19.38
1556,2014,Wil Nieves,36,0,0,1,0,0.1,-0.1,-0.5,-0.8,0,1,1.13,1.39
1841,2013,Edwin Jackson,29,1,0,0,1,2.1,2.1,6.6,4.9,0,4,52,65.87
529,2007,Kevin Millar,35,0,0,1,0,-0.1,0.4,2,4,1,1,2.75,4.16
1873,2010,Matt Holliday,30,1,364,1,0,5.4,5.3,12.7,11.8,0,7,120,166.11
1658,2011,Xavier Nady,32,0,0,1,0,-0.7,-1,2.9,3.4,0,1,1.75,2.35
1766,2012,Laynce Nix,31,0,0,1,0,0.5,1.5,2.6,2.3,0,2,2.5,3.26
4300,2018,Matt Albers,35,0,0,0,1,1,2.5,-0.5,-0.5,0,2,5,5.46
8610,2015,Kendrys Morales,32,0,0,1,0,-1.5,-0.9,2.7,4.9,0,2,17,20.3
3913,2009,Joey Gathright,28,0,0,1,0,0.2,-0.4,2.1,1,0,1,0.8,1.14
1491,2011,Ty Wigginton,33,1,0,1,0,-0.1,1.1,1.2,1.2,0,2,8,10.75
4062,2017,Dexter Fowler,31,1,0,1,0,4.6,4,5.1,4.2,1,5,82.5,92.85
8678,2012,Paul Maholm,30,0,0,0,1,2,2.4,5.6,1.3,0,1,4.75,6.2
1736,2012,Jose Reyes,29,1,31,1,0,5.8,4.6,3.2,3.2,1,6,106,138.31
4529,2010,Scott Olsen,26,0,0,0,1,0.2,-0.4,1.8,0,0,1,1,1.38
81,2012,Henry Blanco,40,0,0,1,0,0.9,0.9,1.5,0.3,0,1,1.25,1.63
1066,2012,Willie Bloomquist,34,0,0,1,0,0,-0.2,-0.8,-1.4,0,2,3.8,4.96
3543,2019,Clay Buchholz,34,1,0,0,1,1.7,2.6,0.5,-0.3,0,1,3,3.18
1555,2010,Marco Scutaro,34,0,0,1,0,4.3,5.4,3.4,5.7,1,2,12.5,17.3
1386,2009,Alex Cora,33,0,0,1,0,0.6,0.8,0.4,0.9,0,1,2,2.85
7571,2019,Lonnie Chisenhall,30,0,0,1,0,0.8,0.1,2.6,2.8,0,1,2.75,2.92
429,2009,Brian Fuentes,33,1,0,0,1,2.5,2.1,1.8,2.8,1,2,17.5,24.95
1142,2010,Rick Ankiel,30,0,0,1,0,0.1,0.4,3.1,3.1,0,1,3.25,4.5
1672,2008,Trever Miller,35,0,0,0,1,0.1,0.3,0.3,1.6,0,1,2,2.94
13125,2020,Gerrit Cole,29,1,61,0,1,7.4,6.6,9.4,8.3,1,9,324,333.72
1837,2015,Matt Belisle,35,0,0,0,1,0.4,0.2,3.1,2.9,0,1,3.5,4.18
4776,2019,Matt Shoemaker,32,0,0,0,1,0.6,0.2,3.8,2.6,0,1,3.5,3.71
4141,2019,Derek Holland,32,0,0,0,1,2.2,2,0.2,-0.8,0,1,7,7.43
9981,2017,Michael Saunders,30,1,0,1,0,1.6,1.5,1.9,2.3,0,1,9,10.13
231,2007,Keith Foulke,34,1,0,0,1,0.1,0.8,1.2,3.3,0,1,5,7.56
607,2009,Raul Ibanez,37,0,5,1,0,2.9,2.7,4.3,6.3,1,3,31.5,44.91
1197,2008,Emil Brown,33,0,0,1,0,0.3,0,4.5,2.3,0,1,1.45,2.13
778,2011,Vladimir Guerrero,36,1,38,1,0,1.1,1.8,2.4,3.2,1,1,8,10.75
6021,2012,Takashi Saito,42,1,0,0,1,0.2,0.8,1.5,2.3,1,1,1.75,2.28
739,2013,Kyle Lohse,34,0,0,0,1,3.3,4,2.7,0,1,3,33,41.8
8585,2012,Yuniesky Betancourt,30,0,0,1,0,-0.2,-0.1,-1.9,-2.9,0,1,2,2.61
7274,2020,Craig Stammen,36,0,0,0,1,0.4,1.1,2.3,3.2,0,2,9,9.27
375,2016,Bartolo Colon,43,1,0,0,1,2.5,1.3,6.7,6.1,0,1,7.25,8.4
7146,2017,Daniel Hudson,30,0,0,0,1,0.7,-0.5,0.9,-0.5,0,2,11,12.38
1937,2013,Mike Adams,34,0,0,0,1,0.7,1.1,3.7,4.8,0,2,12,15.2
9957,2019,Steve Pearce,36,0,0,1,0,1.6,1.5,2.2,2.5,0,1,6.5,6.9
1388,2009,Greg Norton,36,0,0,1,0,0.4,0.2,0.9,0.8,0,1,0.8,1.14
4849,2016,Joe Blanton,35,0,0,0,1,1.1,1.3,-0.4,-1.9,0,1,4,4.64
1642,2009,Francisco Rodriguez,27,1,143,0,1,1.5,2.5,4.3,5.9,1,3,37,52.75
1015,2007,Craig Wilson,30,0,0,1,0,-0.7,-0.7,2.1,1.7,0,1,2,3.03
6249,2017,Trevor Cahill,29,1,0,0,1,-0.1,1,0.7,-1.8,0,1,1.75,1.97
7593,2019,Jordan Lyles,28,0,0,0,1,0.6,0.4,-0.1,-2.1,0,1,2.05,2.17
255,2007,Frank Thomas,39,1,174,1,0,2.4,3.2,2.9,3.3,0,2,18.12,27.41
9490,2020,Jeremy Jeffress,32,1,0,0,1,0.3,-0.4,1.4,3.8,0,1,0.8,0.82
4022,2015,Melky Cabrera,30,1,0,1,0,3.1,3.5,4.3,5,1,3,42,50.15
1441,2010,Brendan Donnelly,38,1,0,0,1,0.5,0.8,0.3,0.1,0,1,1.5,2.08
769,2011,Bruce Chen,34,0,0,0,1,1.2,2.9,0,0.2,0,1,2,2.69
1235,2010,Randy Winn,36,1,0,1,0,1.8,1.3,7.6,6.7,0,1,1.1,1.52
7448,2020,Gio Gonzalez,34,1,0,0,1,1.4,2,6,8.4,0,1,5,5.15
766,2010,Orlando Cabrera,35,0,5,1,0,0.8,-0.7,8.1,6.8,0,1,3.02,4.18
206,2010,Darren Oliver,39,0,0,0,1,1.2,1.9,1.5,2.5,0,1,3.5,4.84
9817,2019,Sergio Romo,36,1,0,0,1,0.5,0.2,0.4,1.3,0,1,1.25,1.33
393,2011,Victor Martinez,32,1,4,1,0,3.7,3.6,3.2,4.1,1,4,50,67.2
4300,2011,Matt Albers,28,0,0,0,1,0,0.3,0.8,0.6,0,1,0.88,1.18
9817,2017,Sergio Romo,34,1,0,0,1,0.1,0.7,1.6,1.1,0,1,3,3.38
605,2007,Roberto Hernandez,42,1,0,0,1,0.3,0.5,0.8,1.4,1,1,3.5,5.29
719,2009,Casey Blake,35,0,0,1,0,2.3,2.7,4.7,5.1,0,3,17.5,24.95
4138,2016,Carlos Villanueva,32,0,0,0,1,0.2,0.9,2.5,1.4,0,1,1.5,1.74
1094,2010,Joel Pineiro,31,0,0,0,1,4.3,2.5,1.1,0.5,0,2,16,22.15
9417,2015,Kris Medlen,29,0,8,0,1,0,0,5.6,7.1,0,2,8.5,10.15
7773,2016,Shawn Kelley,32,0,0,0,1,0.9,0.7,1.1,-0.2,0,3,15,17.39
1890,2019,Matt Moore,30,1,0,0,1,0.2,-1.3,2.9,1.9,0,1,2.5,2.65
1311,2009,Felipe Lopez,29,1,0,1,0,0.4,-0.3,1.8,0.2,0,1,3.5,4.99
1260,2013,Ryan Ludwick,34,1,0,1,0,2.6,2.3,1.7,1.7,0,2,15,19
8048,2020,Will Smith,30,1,0,0,1,1.2,2.1,2,0.9,1,3,39,40.17
6986,2016,Ian Kennedy,31,0,0,0,1,0.4,-0.3,3.3,0.1,1,5,70,81.15
8782,2017,Andrew Cashner,30,0,0,0,1,0.4,-0.7,3.7,1,0,1,10,11.26
206,2009,Darren Oliver,38,0,0,0,1,0.9,1.8,0.5,1.9,0,1,3.66,5.22
1429,2011,Nick Punto,33,0,0,1,0,1.4,1.8,4.4,2.9,0,1,0.75,1.01
6144,2010,Brian Anderson,28,0,0,1,0,-0.1,-0.6,0,0.3,0,1,0.7,0.97
1097,2011,Arthur Rhodes,41,1,0,0,1,0.8,1.6,2.1,2.8,1,1,3.9,5.24
1876,2009,Willy Taveras,27,0,0,1,0,-0.2,0,4.2,3.8,0,2,6.25,8.91
15,2010,Troy Glaus,33,1,0,1,0,-0.3,-0.2,7.5,7.8,0,1,1.75,2.42
971,2012,Jimmy Rollins,33,1,0,1,0,3.6,2.7,4.8,3.8,1,3,38,49.58
1275,2009,Iván Rodríguez,37,1,0,1,0,0.8,1.7,4.4,4.5,0,1,1.5,2.14
1701,2015,Chris Capuano,36,1,0,0,1,0.8,0,4.2,1.9,0,1,5,5.97
7619,2016,Mark Reynolds,32,0,0,1,0,-0.1,-0.4,1.6,-0.2,0,1,2.6,3.01
1210,2007,Toby Hall,31,0,0,1,0,-0.4,-0.7,1.7,3.2,0,2,3.65,5.52
3692,2013,Jack Hannahan,33,0,0,1,0,0,0.8,2.4,2.3,0,2,4,5.07
3707,2016,Geovany Soto,33,1,0,1,0,1.6,0.9,1.1,1.7,0,1,2.8,3.25
6589,2016,Sean Rodriguez,31,0,0,1,0,-0.5,0,1.1,0.8,0,1,2.5,2.9
6483,2018,Steve Cishek,32,0,0,0,1,0.7,1.5,1.2,1.4,0,2,13,14.21
7355,2015,Casey Janssen,33,0,0,0,1,0.1,0.1,2.3,3.3,0,1,5,5.97
45,2010,Rod Barajas,34,0,0,1,0,1.3,0.9,1.7,1.7,0,1,0.5,0.69
8173,2016,Yovani Gallardo,30,1,0,0,1,2.6,4.1,3.1,2.4,1,2,22,25.5
3200,2015,Ervin Santana,32,1,0,0,1,3.2,1.4,1.8,2.1,1,4,55,65.67
1399,2009,Jason Michaels,33,0,0,1,0,0,-0.7,2,1.2,0,1,0.75,1.07
843,2009,Juan Rivera,30,0,0,1,0,-0.9,-0.8,2.3,3.3,0,3,12.75,18.18
8110,2018,Bryan Shaw,30,0,0,0,1,1.5,0.5,0.6,2.4,0,3,27,29.5
4693,2011,Fred Lewis,30,0,0,1,0,0.4,0.2,3.5,2.9,0,1,0.9,1.21
5224,2019,Blake Parker,34,0,0,0,1,0.1,1.1,1.7,1.9,0,1,1.8,1.91
1100,2013,Rafael Soriano,33,1,26,0,1,1.1,2.6,2.1,2.5,1,2,28,35.47
1011,2014,Ryan Vogelsong,36,1,0,0,1,-0.7,-2,3.6,4.7,0,1,5,6.15
3892,2017,Josh Reddick,30,0,0,1,0,1.3,2.3,5,6.8,0,4,52,58.53
52,2009,Craig Counsell,38,0,0,1,0,0.7,1.5,1.5,3.3,0,1,1,1.43
3882,2014,Chris Young,30,1,0,1,0,0.4,-0.4,6.5,6.6,0,1,7.25,8.92
1767,2013,Kevin Correia,32,1,0,0,1,0.9,0.5,0.4,-1.7,0,2,10,12.67
630,2009,Brian Shouse,40,0,0,0,1,0.4,0.9,1,1.6,0,1,1.55,2.21
1663,2014,Javier Lopez,36,0,0,0,1,0.7,1,0.9,1.5,0,3,13,15.99
976,2009,Randy Wolf,32,1,0,0,1,2.6,0.9,1.8,1.1,0,1,5,7.13
7410,2019,J.A. Happ,36,1,0,0,1,3,3.2,5.7,7.7,0,2,34,36.07
3283,2014,Hiroki Kuroda,39,0,0,0,1,3.3,4,6.3,8.6,0,1,16,19.68
4251,2013,Stephen Drew,30,0,0,1,0,0.1,-0.3,6.4,5.9,0,1,9.5,12.03
88,2012,Rafael Furcal,34,1,0,1,0,0.5,0.7,7.1,7.6,0,2,14,18.27
210,2009,Manny Ramirez,37,1,144,1,0,5.9,6,4.1,5.6,0,2,45,64.16
9345,2020,Brock Holt,32,1,0,1,0,1.3,1.4,0.5,1.1,0,1,3.25,3.35
729,2012,LaTroy Hawkins,39,0,0,0,1,0.7,0.9,0.4,1.3,0,1,3,3.91
3580,2012,C.J. Wilson,31,1,0,0,1,5.1,4.9,5.9,6.7,0,5,77.5,101.12
304,2007,Kerry Wood,30,1,0,0,1,-0.1,0,3.4,3.8,0,1,1.75,2.65
546,2010,Brad Ausmus,41,1,0,1,0,0.7,0.4,-0.2,-0.4,0,1,1,1.38
6141,2011,Tony Gwynn,28,0,0,1,0,2,2.2,2.5,3.1,0,1,0.68,0.91
236,2008,Willie Harris,30,0,0,1,0,1.4,2.1,-0.2,0,0,1,0.8,1.17
11846,2018,Leonys Martin,30,0,0,1,0,-0.3,0,3.1,2.1,0,1,1.75,1.91
1534,2015,Michael Cuddyer,36,1,3,1,0,1.6,1.6,3.5,2.7,1,2,21,25.08
1692,2011,Brandon Webb,32,1,14,0,1,0,0,5.3,5.4,0,1,3,4.03
921,2014,Tim Hudson,38,1,0,0,1,1.7,0.8,4.5,4.4,0,2,23,28.29
1795,2010,J.J. Putz,33,1,12,0,1,0.2,-0.4,2.7,4.6,0,1,3,4.15
2194,2008,Dallas McPherson,27,0,0,1,0,0,0,1,1,0,1,0.43,0.63
5535,2015,Phil Coke,32,0,0,0,1,0,0.4,0.7,0.2,0,1,2.25,2.69
2391,2018,Hector Rondon,30,0,0,0,1,0.3,0,2.2,2.5,0,2,8.5,9.29
3245,2011,Ryan Rowland-Smith,28,0,0,0,1,-1.5,-2.6,2.7,3.1,0,1,0.73,0.98
7060,2011,Dustin Moseley,29,0,0,0,1,-0.2,0.3,0.5,-0.4,0,1,0.9,1.21
4971,2017,Fernando Salas,32,0,0,0,1,0.1,0.5,1.3,0.2,0,1,3,3.38
409,2010,Jim Thome,39,1,0,1,0,0.8,1.3,5,5.7,0,1,1.5,2.08
7773,2019,Shawn Kelley,35,0,0,0,1,0.5,1.1,0,0.8,0,1,2.75,2.92
1656,2009,Rocco Baldelli,27,0,0,1,0,0.3,0.4,3.2,3.3,0,1,0.5,0.71
527,2008,Mike Lowell,34,1,126,1,0,4.5,5,2.6,2.4,0,3,37.5,55.07
1307,2011,Orlando Hudson,33,1,0,1,0,3,2.9,4.1,6.2,0,2,11.5,15.46
1793,2010,Kevin Gregg,32,0,0,0,1,-0.3,0.1,1.9,2.7,0,1,2.75,3.81
1058,2009,Ramon Vazquez,32,0,0,1,0,0.9,1.5,-0.6,-1.2,0,2,4,5.7
8753,2020,Tanner Roark,33,0,0,0,1,1.9,2,4.9,4,0,2,24,24.72
3201,2018,Francisco Liriano,34,1,0,0,1,0.8,-0.5,3.7,2.9,0,1,4,4.37
242,2011,Paul Konerko,35,1,130,1,0,3.6,4.7,2.2,3,1,3,37.5,50.4
3263,2012,Kosuke Fukudome,35,1,0,1,0,-0.5,0.7,3.5,3.3,0,1,1,1.3
2692,2015,Joba Chamberlain,29,0,0,0,1,0.7,0.9,-0.6,-0.1,0,1,1,1.19
502,2007,Jamie Walker,35,0,0,0,1,0.5,1.3,1.3,1.6,0,3,12,18.15
1873,2017,Matt Holliday,37,1,17,1,0,0.8,0.5,4.1,3.9,0,1,13,14.63
1091,2009,Jamie Moyer,46,1,0,0,1,2.5,2.8,3.9,2.5,0,2,13,18.53
14443,2015,Kyuji Fujikawa,34,0,0,0,1,0,0,0.2,-0.2,0,1,1.1,1.31
973,2008,Carlos Silva,29,0,0,0,1,2.6,2.6,1.6,2.5,0,4,48,70.49
4662,2015,Brandon McCarthy,31,0,0,0,1,2.6,1,3.5,1.9,0,4,48,57.31
10459,2020,Adeiny Hechavarria,31,0,0,1,0,0.7,0.9,1.8,1.2,0,1,1,1.03
545,2007,Preston Wilson,32,1,0,1,0,-0.9,-0.9,0.3,-1.5,0,1,1,1.51
7872,2017,Tyson Ross,30,1,0,0,1,0.1,-0.3,6.6,5.7,0,1,6,6.75
6230,2015,Kyle Kendrick,30,0,0,0,1,1,0.4,3.3,2,0,1,5.5,6.57
494,2010,Fernando Rodney,33,0,0,0,1,0.3,0.3,0.9,0.3,0,2,11,15.23
494,2017,Fernando Rodney,40,1,0,0,1,0.4,0.9,0.3,0.3,0,1,2.75,3.1
1534,2012,Michael Cuddyer,33,1,4,1,0,2.5,2.3,2.4,3.1,1,3,31.5,41.1
1430,2010,Adam Everett,33,0,0,1,0,0.7,0.7,0.7,1.2,0,1,1.55,2.15
144,2012,Jerry Hairston Jr.,36,0,0,1,0,0.9,1.6,2.3,2.2,0,2,6,7.83
5448,2019,Jesse Chavez,35,0,0,0,1,1.3,3,0,-0.3,0,2,8,8.49
4418,2015,Jed Lowrie,31,0,0,1,0,1.7,1,5.8,4.4,0,3,23,27.46
311,2007,Aaron Boone,34,1,0,1,0,-0.8,-0.7,0.2,1.5,0,1,0.93,1.41
1852,2016,Ryan Madson,35,0,0,0,1,0.9,1.8,0,0,0,3,22,25.5
3190,2012,Nate McLouth,30,1,0,1,0,0,0.3,1.8,0.7,0,1,1.75,2.28
2161,2012,Jason Kubel,30,0,3,1,0,0.8,0.8,1.6,3.3,0,2,15,19.57
746,2014,A.J. Pierzynski,37,1,0,1,0,0.3,1.8,5.2,3.9,0,1,8.25,10.15
4579,2020,Starlin Castro,30,1,0,1,0,1.3,1.4,4.2,4.1,0,2,12,12.36
11265,2019,Jonathan Schoop,27,1,19,1,0,0.5,1.9,6,9.7,0,1,7.5,7.96
995,2008,Rob Mackowiak,32,0,0,1,0,0.8,0.7,2.4,2.7,0,1,1.5,2.2
4930,2015,Jon Lester,31,1,0,0,1,5.4,4.6,5.7,3,0,6,155,185.08
395,2012,John McDonald,37,0,0,1,0,0.5,0.9,0.5,1.5,0,2,3,3.91
4229,2018,Howie Kendrick,34,1,0,1,0,1.7,1.4,3.1,2.2,0,2,7,7.65
5667,2020,Steven Souza Jr.,31,0,0,1,0,0,0,3.4,3.7,0,1,1,1.03
1056,2008,Brett Tomko,35,0,0,0,1,1.2,-0.7,3.3,2.3,0,1,3,4.41
464,2007,Damion Easley,37,1,0,1,0,-0.1,0.2,1.5,1.3,0,1,0.85,1.29
4279,2014,Manny Parra,31,0,0,0,1,0.6,0.5,0.3,-0.9,0,2,5.5,6.76
1701,2012,Chris Capuano,33,1,0,0,1,2.1,0.8,0.3,0.8,0,2,10,13.05
11,2007,Darin Erstad,33,1,0,1,0,-0.1,0,3.8,4.9,0,1,1,1.51
4788,2012,Matt Capps,28,1,0,0,1,-0.4,0.7,1,0.2,0,1,4.75,6.2
491,2008,Mark Redman,34,1,0,0,1,0.3,-0.7,3.3,0.7,0,1,1,1.47
4251,2017,Stephen Drew,34,0,0,1,0,0.8,0.9,-0.4,-0.7,0,1,3.5,3.94
2873,2017,Santiago Casilla,36,0,0,0,1,0.1,0.7,0.6,3,0,2,11,12.38
4259,2018,David Hernandez,33,0,0,0,1,1,0.9,0.1,0.7,0,2,5,5.46
801,2011,Javier Vazquez,34,1,0,0,1,0,-0.6,10.7,9.3,0,1,7,9.41
1797,2015,Neal Cotts,35,0,0,0,1,0.6,0.3,1.8,2.6,0,1,3,3.58
6876,2017,Mark Trumbo,31,1,0,1,0,2.2,2.1,0.6,0.9,1,3,37.5,42.21
1208,2007,Chris Gomez,36,0,0,1,0,0.5,0.6,-0.2,0.7,0,1,0.85,1.29
893,2007,Mike Piazza,38,1,0,1,0,1.9,3,1.4,0.3,1,1,8.5,12.86
8267,2017,Chris Iannetta,34,0,0,1,0,-0.6,0.2,3.1,3,0,1,1.7,1.91
5525,2014,Boone Logan,29,0,0,0,1,0.1,0.6,0.9,1.3,0,3,16.5,20.29
9346,2015,Brandon Morrow,30,0,0,0,1,0.4,-0.3,2.2,2.6,0,1,2.5,2.99
677,2010,Ronnie Belliard,35,1,0,1,0,1.3,1.2,3.8,3.4,0,1,0.83,1.15
1305,2010,Eric Hinske,32,0,0,1,0,0.7,0.4,1.8,1.1,0,1,1,1.38
4070,2020,Pedro Strop,35,0,0,0,1,0,0.1,1.9,3,0,1,1.83,1.88
14078,2020,Michael Wacha,28,1,0,0,1,-0.2,0.1,3.9,2.4,0,1,3,3.09
5556,2013,Jair Jurrjens,27,1,0,0,1,-0.5,-1.4,1.8,3.4,0,1,1.5,1.9
790,2009,Carl Pavano,33,1,0,0,1,0,0,0.2,0,0,1,1.5,2.14
1259,2015,Colby Lewis,35,0,0,0,1,1.2,-0.4,2.2,1.9,0,1,4,4.78
568,2007,Wade Miller,30,0,0,0,1,-0.1,0.3,2.2,2.9,0,1,1.5,2.27
2434,2014,Nelson Cruz,33,1,0,1,0,1.6,2.1,2.5,2.3,1,1,8,9.84
1538,2010,Ross Gload,34,0,0,1,0,0.5,0.5,-1.3,0.3,0,2,2.6,3.6
256,2007,Jose Valentin,37,0,0,1,0,3,3.6,2.3,1.5,0,1,3.8,5.75
6184,2018,J.D. Martinez,30,1,29,1,0,3.8,3.9,7.5,7.2,0,5,110,120.2
10197,2019,Shelby Miller,28,1,0,0,1,-0.3,-1.1,1.1,0,0,1,2,2.12
315,2010,Juan Castro,38,0,0,1,0,-0.1,0.3,-2.4,-2.3,0,1,0.7,0.97
1701,2014,Chris Capuano,35,1,0,0,1,1.3,-0.4,4.9,3.1,0,1,2.25,2.77
518,2008,Cliff Floyd,35,1,4,1,0,0.7,0.1,3.9,4.3,0,1,3,4.41
1178,2011,Edgar Renteria,34,1,0,1,0,1.2,0.6,1,-0.3,0,1,2.1,2.82
2434,2019,Nelson Cruz,38,1,50,1,0,2.5,2.9,8.2,9,0,1,14.3,15.17
521,2013,Jason Grilli,36,0,0,0,1,1.3,1,0.5,0.9,0,2,6.75,8.55
6983,2017,Drew Storen,29,0,0,0,1,0.1,-0.2,2.2,3.1,0,1,3,3.38
754,2007,J.C. Romero,31,0,0,0,1,0,-1,0.6,2.1,0,1,1.6,2.42
254,2008,Aaron Rowand,30,1,3,1,0,5.4,5.1,5,4.2,1,5,60,88.11
1617,2011,Lyle Overbay,34,0,0,1,0,1.2,2.5,3.7,5.5,0,1,5,6.72
4022,2013,Melky Cabrera,28,1,0,1,0,4.5,4.8,2.4,4.1,0,2,16,20.27
4599,2013,Nick Swisher,32,1,0,1,0,3.6,4,7.8,6,1,4,56,70.94
1848,2010,John Grabow,31,0,0,0,1,0.3,1.1,0.6,2.2,0,2,7.5,10.38
4806,2017,Rich Hill,37,0,0,0,1,3.9,4.3,1.2,1.8,0,3,48,54.02
6283,2014,Scott Feldman,31,0,0,0,1,2.2,1.5,2.5,0.4,0,3,30,36.9
9682,2017,Adam Rosales,34,0,0,1,0,1.7,2.3,0.7,0.6,0,1,1.25,1.41
6941,2019,Joakim Soria,35,1,0,0,1,1.9,0.9,1.9,1.7,0,2,15,15.91
1011,2015,Ryan Vogelsong,37,1,0,0,1,0.9,0.8,1.3,0,0,1,4,4.78
795,2010,Brian Schneider,33,0,0,1,0,0,0.1,2.2,0.2,0,2,2.75,3.81
904,2007,Chad Bradford,32,0,0,0,1,1.5,1.2,0.4,0.8,1,3,10.5,15.88
6902,2020,Martin Perez,29,0,0,0,1,1.9,0.2,2.2,1.4,0,1,6,6.18
3340,2014,Matt Garza,30,0,0,0,1,2.1,1.5,5.6,4.2,0,4,50,61.49
94,2007,Wes Helms,31,0,0,1,0,1.8,1.7,-0.9,-0.9,0,2,5.45,8.24
424,2008,Shawn Chacon,30,1,0,0,1,0.5,1.5,0.4,3.6,0,1,2,2.94
5746,2014,Eric O'Flaherty,29,0,0,0,1,-0.1,0.4,1.7,4.7,0,2,7,8.61
1451,2011,Aaron Harang,33,0,0,0,1,0.7,-0.9,3.7,2.9,0,1,4,5.38
526,2009,Braden Looper,34,0,0,0,1,1.5,1.3,2.5,1.2,0,1,5.5,7.84
402,2008,David Riske,31,0,0,0,1,0.1,2.2,-0.1,1.5,0,3,13,19.09
3254,2016,Jeff Samardzija,31,1,0,0,1,2.3,0.3,7.4,4.8,1,5,90,104.33
4298,2020,Matt Wieters,34,1,0,1,0,-0.3,0.5,-0.8,-0.4,0,1,2,2.06
52,2007,Craig Counsell,36,0,0,1,0,0.9,2.6,4.2,6.5,0,2,6,9.08
962,2010,Brett Myers,29,0,0,0,1,-0.5,0.5,3,1.3,0,1,5.1,7.06
9939,2018,Brandon Kintzler,33,1,0,0,1,1,1.8,0.6,0.9,0,2,10,10.93
4682,2015,Pat Neshek,34,1,0,0,1,2,2.3,-0.2,1.3,0,2,12.5,14.93
1751,2011,Aaron Heilman,32,0,0,0,1,-0.1,-0.1,-0.1,0.1,0,1,2,2.69
1886,2013,Sean Burnett,30,0,0,0,1,0.9,1.6,0.6,2.3,0,2,8,10.13
993,2010,Jason Kendall,36,1,0,1,0,0.5,0.1,1.2,4.1,0,2,6,8.31
10343,2019,Aaron Loup,31,0,0,0,1,0.3,0.3,0.6,0.8,0,1,1.4,1.49
10133,2019,Brad Boxberger,31,1,0,0,1,-0.3,-0.9,0,0.3,0,1,2.2,2.33
430,2009,Mike Hampton,36,1,0,0,1,0.2,0.1,0,0,0,1,2,2.85
15676,2020,Jose Abreu,33,1,21,1,0,1.9,2,5.5,6.5,1,3,50,51.5
2520,2018,Lance Lynn,31,1,0,0,1,1.2,3.2,3,3.4,1,1,12,13.11
1383,2008,Mark Loretta,36,1,0,1,0,0.8,0.7,1.2,0.9,0,1,2.75,4.04
185,2010,Johnny Damon,36,1,0,1,0,3.6,4.2,6.1,6.9,0,1,8,11.07
583,2013,Jeremy Affeldt,34,0,0,0,1,0.8,0.8,0.1,0.5,0,3,18,22.8
1605,2011,Bill Hall,31,0,0,1,0,0.4,1.8,0.2,-0.6,0,1,3.25,4.37
420,2008,Gary Bennett,36,0,0,1,0,-0.5,-0.8,-1,-1.3,0,1,0.88,1.29
10130,2016,Mike Leake,28,0,0,0,1,1.6,2.9,4.6,4.1,0,5,80,92.74
1943,2016,Zack Greinke,32,1,130,0,1,5.3,8.9,7.9,8.8,1,6,206.5,239.39
715,2014,Jamey Wright,39,0,0,0,1,0.5,0.9,0.4,1,0,1,1.8,2.21
8722,2020,Jason Castro,33,1,0,1,0,1.6,0.7,2.1,2.4,0,1,6.85,7.06
6291,2012,George Sherrill,35,1,0,0,1,0.3,0.6,0.8,2.3,0,1,1.1,1.44
5038,2020,Josh Donaldson,34,1,28,1,0,4.9,6,6.4,5.3,1,4,92,94.76
1176,2010,Placido Polanco,34,1,6,1,0,2.9,2.5,8.3,10.5,0,3,18,24.92
5930,2019,Nick Markakis,35,1,2,1,0,2.6,2.7,1.8,2.5,0,1,6,6.37
232,2010,Jon Garland,30,1,0,0,1,1.8,1.6,4.8,4.7,0,1,5.3,7.34
2234,2016,Kelly Johnson,34,0,0,1,0,0.3,0.4,1.7,0.9,0,1,2,2.32
1437,2017,Joaquin Benoit,39,0,0,0,1,0.5,1,1.4,3.7,0,1,7.5,8.44
4418,2019,Jed Lowrie,35,1,3,1,0,5,4.4,3.1,3,0,2,20,21.22
607,2013,Raul Ibanez,41,1,1,1,0,0.5,0.5,-0.8,-1.3,0,1,2.75,3.48
548,2011,Lance Berkman,35,1,126,1,0,1.6,1.4,10.3,10.3,0,1,8,10.75
1507,2016,John Lackey,37,1,0,0,1,3.5,5.8,5,3.7,1,2,32,37.1
8223,2015,Brett Anderson,27,0,0,0,1,1,1.1,1.2,0.3,0,1,10,11.94
57,2008,Jose Guillen,32,0,0,1,0,2.2,3.5,3.5,2.7,0,3,36,52.87
9077,2018,Lorenzo Cain,32,1,225,1,0,4.2,5.3,8.3,10,1,5,80,87.42
3231,2016,Brayan Pena,34,0,0,1,0,-0.4,0.4,0.3,0.2,0,2,5,5.8
393,2015,Victor Martinez,36,1,229,1,0,4.5,5.5,0.8,1.2,1,4,68,81.2
1137,2007,Jerome Williams,25,0,0,0,1,-0.2,-0.4,1.7,3.1,0,1,0.5,0.76
3371,2016,Alejandro De Aza,32,0,0,1,0,0.9,0.7,3.2,1.7,0,1,5.75,6.67
4090,2018,Luke Gregerson,34,0,0,0,1,-0.1,0,2.3,1,0,2,11,12.02
226,2007,Royce Clayton,37,1,0,1,0,-0.3,-0.7,1.3,1.2,0,1,1.5,2.27
9284,2019,Chris Herrmann,31,0,0,1,0,0.6,0.5,-0.1,0.5,0,1,1,1.06
12179,2020,Maikel Franco,27,0,0,1,0,-0.5,-0.6,0.6,-0.1,0,1,3,3.09
9425,2016,Doug Fister,32,0,0,0,1,0.2,0.1,5.6,8.3,0,1,7,8.11
9893,2015,Colby Rasmus,28,0,0,1,0,1.5,1.1,5.1,6.7,0,1,8,9.55
761,2007,Tony Armas,29,0,0,0,1,0.9,0.7,-0.4,0.9,0,1,3.5,5.29
5448,2018,Jesse Chavez,34,0,0,0,1,0.2,-0.2,2.3,1.2,0,1,1.5,1.64
5861,2016,Jason Motte,34,0,0,0,1,0.4,0.2,-0.6,-0.2,0,2,10,11.59
7476,2018,Alex Avila,31,1,0,1,0,1.8,2.7,0.1,1,0,2,8.25,9.01
5038,2019,Josh Donaldson,33,1,201,1,0,1.3,0.7,12.7,11.8,0,1,23,24.4
2520,2019,Lance Lynn,32,1,0,0,1,2.8,0.3,1.2,3.2,0,3,30,31.83
1011,2016,Ryan Vogelsong,38,1,0,0,1,-0.1,-0.4,0.3,-1.2,0,1,2,2.32
235,2007,Tony Graffanino,35,0,0,1,0,2.5,3,1.8,2.8,0,1,3.25,4.92
7016,2012,Hong-Chih Kuo,30,1,0,0,1,-0.3,-1.6,2.7,3.8,0,1,0.5,0.65
10231,2020,Jose Iglesias,30,1,0,1,0,1.6,1.4,4.2,3.3,0,1,3,3.09
805,2007,Todd Williams,36,0,0,0,1,-0.3,-0.3,0.7,1.7,0,1,0.78,1.18
1457,2009,Mike Lincoln,34,0,0,0,1,-0.1,0.4,0,0,0,2,4,5.7
7476,2016,Alex Avila,29,1,0,1,0,-0.5,0,2.8,2.7,0,1,2.5,2.9
3707,2013,Geovany Soto,30,1,0,1,0,1.1,-0.3,7.5,5,0,1,2.75,3.48
4400,2015,Chris Denorfia,34,0,0,1,0,0,0,4.8,6.6,0,1,2.6,3.1
1258,2008,Mike Lamb,32,0,0,1,0,1.8,1.9,1.4,0.6,0,2,6.6,9.69
9132,2019,Nathan Eovaldi,29,0,0,0,1,2.2,1.3,0.7,1.3,0,4,67.5,71.61
4720,2015,Chase Headley,31,0,127,1,0,3.4,3.6,10.6,9.8,0,4,52,62.09
902,2007,David Weathers,37,0,0,0,1,-0.4,1.7,0.3,0.9,1,2,5,7.56
1392,2010,Mark DeRosa,35,0,0,1,0,1.8,1.7,6.6,4,0,2,12,16.61
1491,2013,Ty Wigginton,35,1,0,1,0,-0.5,-1.4,-0.4,0.9,0,2,5,6.33
369,2009,Milton Bradley,31,1,9,1,0,4.3,5.2,4.7,3.9,0,3,30,42.77
5827,2019,Wilmer Flores,27,0,0,1,0,0.4,0.5,1.9,0.8,0,1,4.25,4.51
1383,2007,Mark Loretta,35,1,50,1,0,0.5,0.5,6.6,6.4,1,1,2.5,3.78
12095,2020,Yimi Garcia,29,0,0,0,1,-0.3,0.2,-0.5,-0.6,0,1,0.58,0.6
8245,2017,J.P. Howell,34,0,0,0,1,0.2,0.3,0.7,2.6,0,1,3,3.38
656,2008,Cesar Izturis,28,1,0,1,0,-0.2,-0.2,-0.5,-0.2,0,1,2.85,4.19
1442,2008,Chad Durbin,30,0,0,0,1,-0.2,0.7,0,0.2,0,1,0.9,1.32
225,2012,Mark Buehrle,33,1,0,0,1,3.1,3.8,6.8,9.1,1,4,58,75.68
1066,2014,Willie Bloomquist,36,0,0,1,0,0.3,0.4,0.6,-0.3,0,2,5.8,7.13
399,2008,Chad Paronto,32,0,0,0,1,0.1,0.1,0.4,1,0,1,0.5,0.73
729,2010,LaTroy Hawkins,37,0,0,0,1,0.4,2,0.9,2,0,2,7.5,10.38
1443,2014,Mark Ellis,37,0,0,1,0,1.5,3.1,3.3,4.7,0,1,5.25,6.46
105,2012,Jason Marquis,33,1,0,0,1,1.1,-0.3,2.8,2.3,0,1,3,3.91
1507,2010,John Lackey,31,1,4,0,1,3.3,1.9,6.4,9.8,1,5,82.5,114.2
5223,2018,Cameron Maybin,31,0,0,1,0,1.2,1.6,3.7,2.2,0,1,3.25,3.55
1101,2013,Ichiro Suzuki,39,1,3,1,0,2.2,1.7,4.8,4.3,0,2,13,16.47
9957,2017,Steve Pearce,34,0,0,1,0,2.1,2.2,4.6,5.8,0,2,12.5,14.07
4616,2015,Russell Martin,32,1,22,1,0,6.2,5.7,9.2,5.9,1,5,82,97.91
204,2007,Trot Nixon,33,0,0,1,0,1.7,1.1,4.8,4.3,0,1,3,4.54
512,2009,A.J. Burnett,32,0,0,0,1,5,2.4,5.1,4.3,1,5,82.5,117.63
8553,2016,Gerardo Parra,29,0,0,1,0,2,1.3,4,4.8,0,3,27.5,31.88
2170,2014,Chad Qualls,35,0,0,0,1,0.5,1.7,-0.4,-0.4,0,2,6,7.38
1142,2011,Rick Ankiel,31,0,0,1,0,0.6,0.5,1.8,2.4,0,1,1.5,2.02
3057,2014,Mike Napoli,32,1,0,1,0,3.4,3.7,4.7,7.3,1,2,32,39.36
4759,2012,Jonathan Broxton,28,1,0,0,1,-0.2,-0.5,3.6,2.1,0,1,4,5.22
2437,2013,Maicer Izturis,32,0,0,1,0,0.8,0.2,2.9,3.3,0,3,10,12.67
1609,2014,Omar Infante,32,1,0,1,0,2.9,2.6,4.6,5,0,4,30,36.9
7872,2019,Tyson Ross,32,1,0,0,1,1,1,0,-1.3,0,1,5.75,6.1
1695,2010,Claudio Vargas,32,0,0,0,1,0.3,1.4,0.9,0.5,0,1,0.9,1.25
6104,2012,Aaron Hill,30,1,23,1,0,0.7,0.7,5.3,6.8,0,2,11,14.35
1267,2007,Chan Ho Park,34,1,0,0,1,0.8,-0.4,1.6,0.5,0,1,0.6,0.91
517,2009,Ryan Dempster,32,1,0,0,1,4.8,6.9,1.2,-0.4,0,4,52,74.14
36,2019,Xavier Cedeno,32,0,0,0,1,0.6,1,0,0,0,1,0.9,0.95
1392,2012,Mark DeRosa,37,0,0,1,0,-0.1,0.1,1.1,1,0,1,0.8,1.04
2074,2012,Chien-Ming Wang,32,0,0,0,1,0.1,-0.2,0.1,-1.4,0,1,4,5.22
3231,2014,Brayan Pena,32,0,0,1,0,0.4,0.4,0.9,-0.1,0,2,2.28,2.8
6887,2020,Martin Maldonado,33,0,0,1,0,0.8,1.2,5,2,0,2,7,7.21
3196,2015,Chris Young,36,1,0,0,1,0,1.8,1.1,0.8,0,1,0.68,0.81
1845,2010,Jonny Gomes,29,0,0,1,0,1,0.9,-0.3,-0.6,0,1,0.8,1.11
4298,2016,Matt Wieters,30,1,0,1,0,0.3,0.9,2.6,2.1,1,1,15.8,18.32
404,2018,CC Sabathia,37,1,0,0,1,1.8,2.9,3.8,4.2,0,1,10,10.93
3284,2019,Anibal Sanchez,35,0,0,0,1,2.5,3.1,1.5,-1.6,0,2,19,20.16
3137,2015,Max Scherzer,30,1,25,0,1,5.6,5.8,10.4,10.8,1,7,210,250.75
976,2007,Randy Wolf,30,1,0,0,1,-0.1,0.2,2.3,1.5,0,1,8,12.1
8259,2019,Kurt Suzuki,35,1,0,1,0,1,2.1,1.5,2.9,0,2,10,10.61
4593,2012,Clay Hensley,32,0,0,0,1,0,-0.2,1.4,2.5,0,1,0.75,0.98
514,2008,Ramon Castro,32,0,0,1,0,0.8,0.8,1.7,1,0,2,4.6,6.76
494,2012,Fernando Rodney,35,0,0,0,1,-0.4,-0.4,0.5,0.5,0,1,2,2.61
7539,2019,Neil Walker,33,0,0,1,0,0.1,-0.1,5.9,4,0,1,2,2.12
271,2008,Matt Clement,33,1,0,0,1,0,0,2.8,2.8,0,1,1.5,2.2
7841,2017,Jerry Blevins,33,0,0,0,1,0.6,1,1,0,0,1,6.5,7.32
555,2008,Octavio Dotel,34,0,0,0,1,0.3,0.1,-0.3,-0.2,0,2,11,16.15
81,2009,Henry Blanco,37,0,0,1,0,0.7,0.1,0.2,-0.1,0,1,0.75,1.07
1327,2011,Jayson Werth,32,1,62,1,0,5,4.5,9.8,8.2,1,7,126,169.33
849,2007,Mike Stanton,40,1,0,0,1,1.2,1.1,0.9,1.5,0,2,5.5,8.32
7476,2020,Alex Avila,33,1,0,1,0,1.3,1.4,2.5,2.7,0,1,4.25,4.38
583,2008,Jeremy Affeldt,29,0,0,0,1,0.4,1,-0.2,-1.5,0,1,3,4.41
348,2007,Chris Reitsma,29,0,0,0,1,-0.7,-1.4,2.1,0.8,0,1,2.05,3.1
9325,2018,Jared Hughes,32,0,0,0,1,0.5,1.2,-0.2,2.1,0,2,4.5,4.92
1574,2009,Mark Hendrickson,35,0,0,0,1,1,-0.7,3.7,2.6,0,1,1.5,2.14
6612,2017,Marc Rzepczynski,31,0,0,0,1,0.5,1.2,0.9,-0.5,0,2,11,12.38
314,2008,Sean Casey,33,1,0,1,0,0.1,0.5,0.7,0.4,0,1,0.8,1.17
1760,2013,Cody Ross,32,0,0,1,0,2.7,2.2,2.8,2.3,0,3,26,32.94
278,2009,Kyle Farnsworth,33,0,0,0,1,-0.7,0.4,0.8,0.7,0,2,9.25,13.19
3179,2016,Dioner Navarro,32,1,0,1,0,0.2,0.8,1.4,4.3,0,1,4,4.64
261,2007,Moises Alou,40,1,15,1,0,1.3,1.4,9.2,7.4,1,1,8.5,12.86
370,2010,Russell Branyan,34,0,0,1,0,2.7,2.6,1.5,1.7,0,1,2,2.77
719,2012,Casey Blake,38,0,0,1,0,1,0.9,7.4,7.3,0,1,2,2.61
746,2016,A.J. Pierzynski,39,1,0,1,0,0.9,1.4,-1,1.1,0,1,3,3.48
1556,2011,Wil Nieves,33,0,0,1,0,0.1,-0.7,1.1,0.3,0,1,0.78,1.05
5975,2012,Jonathan Papelbon,31,1,0,0,1,3,1.6,2.8,3.6,1,4,50,65.24
1412,2007,Miguel Cairo,33,0,0,1,0,0.3,0.8,0,0.7,0,1,0.75,1.13
4366,2012,Joe Saunders,31,1,0,0,1,0.3,1.6,2.2,0.5,0,1,6,7.83
443,2013,Juan Pierre,35,0,0,1,0,1.6,2.1,2,-0.6,0,1,1.6,2.03
1429,2012,Nick Punto,34,0,0,1,0,1.7,1.6,3.1,2.3,0,3,3,3.91
3237,2020,T.J. McFarland,31,0,0,0,1,0,-0.6,0.5,0.5,0,1,1.8,1.85
25,2012,José Molina,37,0,0,1,0,2.1,0.9,3.7,0.7,0,1,1.5,1.96
6885,2016,Ian Desmond,30,1,0,1,0,1.4,2,8.4,8.5,1,1,8,9.27
840,2009,Andy Pettitte,37,1,0,0,1,3.3,2.2,7.4,5.2,0,1,5.5,7.84
9434,2019,Dallas Keuchel,31,1,0,0,1,3.3,2.9,4.7,4.2,1,1,13,13.79
1386,2010,Alex Cora,34,0,0,1,0,0,0.6,1,1.4,0,1,2,2.77
7441,2018,Wade Davis,32,1,1,0,1,1.1,1.8,3.4,5.3,1,3,52,56.82
3142,2019,Robinson Chirinos,35,0,0,1,0,0.3,1.8,1.9,3.3,0,1,5.75,6.1
10,2008,David Eckstein,33,1,15,1,0,0.7,0.8,4,4.5,0,1,4.5,6.61
1638,2011,Miguel Olivo,32,0,0,1,0,2.2,2.5,1.7,2.1,0,2,7,9.41
563,2012,Brad Lidge,35,1,0,0,1,0.3,0.9,-0.4,-1.6,0,1,1,1.3
57,2007,Jose Guillen,31,0,0,1,0,-0.2,-0.9,6.5,6.7,0,1,5.5,8.32
1113,2007,Aaron Fultz,33,0,0,0,1,0.8,0.5,0.7,1.6,1,1,1.65,2.5
8678,2014,Paul Maholm,32,0,0,0,1,0.6,-0.3,3.8,4.8,0,1,1.5,1.84
4467,2017,Brandon Moss,33,1,0,1,0,1.2,0.5,3.1,1.8,0,2,12,13.51
3867,2013,Kelly Shoppach,33,0,0,1,0,1,1.5,1,0.9,0,1,1.5,1.9
9015,2016,Gordon Beckham,29,0,0,1,0,0.4,0.6,0.9,1.5,0,1,1.25,1.45
9957,2016,Steve Pearce,33,0,0,1,0,0.1,0,5.3,6.5,0,1,4.75,5.51
1429,2009,Nick Punto,31,0,0,1,0,2.7,2.4,4.4,4.3,0,2,8.5,12.12
10199,2019,Billy Hamilton,28,0,0,1,0,1.3,1,4.1,4.5,0,1,5.25,5.57
1911,2009,Scott Proctor,32,0,0,0,1,-0.2,-0.8,0.7,3.5,0,1,0.75,1.07
7539,2017,Neil Walker,31,0,0,1,0,3.6,2.2,6.6,5.8,1,1,17.2,19.36
12183,2019,Cody Allen,30,0,0,0,1,-0.1,0,2.4,3.4,0,1,8.5,9.02
9227,2011,Koji Uehara,36,0,0,0,1,1.3,1.3,1.8,1.4,0,1,3,4.03
790,2011,Carl Pavano,35,1,0,0,1,2.8,3.8,3.5,1,1,2,16.5,22.17
5275,2020,Francisco Cervelli,34,0,0,1,0,0.1,0.3,2.9,3.8,0,1,2,2.06
11,2008,Darin Erstad,34,1,0,1,0,0.7,0.6,1.6,2.1,0,1,1,1.47
4962,2015,Asdrubal Cabrera,29,1,0,1,0,1.9,1.7,3.8,4.6,0,1,7.5,8.96
2038,2015,Justin Masterson,30,1,0,0,1,0.5,-1.4,6.6,4,0,1,9.5,11.34
1790,2010,Garrett Atkins,30,0,0,1,0,-1,-1.2,2.2,0.1,0,1,4.5,6.23
1837,2017,Matt Belisle,37,0,0,0,1,0.7,1.2,0.5,0.9,0,1,2.05,2.31
11528,2020,Josh Osich,31,0,0,0,1,0,0.5,-0.7,-1,0,1,0.85,0.88
12861,2020,Anthony Rendon,30,1,404,1,0,7,6.4,12.9,10.8,1,7,245,252.35
217,2011,Jason Varitek,39,1,0,1,0,0.5,0.7,0.1,2.1,0,1,2,2.69
1579,2010,Clay Condrey,34,0,0,0,1,0.1,0.6,0.3,0.6,0,1,0.9,1.25
8267,2018,Chris Iannetta,35,0,0,1,0,2.3,1.8,0.9,0.9,0,2,8.5,9.29
5950,2013,Ian Stewart,28,0,0,1,0,-0.2,0,0,1.4,0,1,2,2.53
8044,2014,Jason Vargas,31,0,0,0,1,1.7,2,4.2,4.2,0,4,32,39.36
3448,2017,Jeff Mathis,34,0,0,1,0,0.9,0.4,0.3,-0.5,0,2,4,4.5
2450,2009,Norris Hopper,30,0,0,1,0,-0.6,-0.1,2.6,1.9,0,1,0.4,0.57
780,2008,Matt Herges,38,0,0,0,1,0.4,1.2,-0.1,-0.4,0,1,2.5,3.67
2467,2012,Todd Coffey,31,0,0,0,1,0.3,0.3,0.8,0.8,0,1,1.3,1.7
769,2012,Bruce Chen,35,0,0,0,1,1.4,2,1.2,3.1,0,2,9,11.74
1933,2011,Frank Francisco,31,0,0,0,1,1.1,0.8,2.6,2.4,0,1,4,5.38
1650,2009,Luis Ayala,31,0,0,0,1,0.1,-1.3,0.2,0.8,0,1,1.3,1.85
17182,2019,Jung Ho Kang,32,0,0,1,0,0,0,2.1,2.3,0,1,3,3.18
210,2011,Manny Ramirez,39,1,138,1,0,1.1,0.8,8.4,8.1,1,1,2,2.69
9256,2019,A.J. Pollock,31,1,0,1,0,2.6,2.4,2.6,3.3,1,5,60,63.65
6319,2010,Ryan Garko,29,0,0,1,0,0.7,0.9,0.3,2.9,0,1,0.55,0.76
3886,2015,Gavin Floyd,32,0,0,0,1,0.6,0.9,2,2.2,0,1,4,4.78
3284,2018,Anibal Sanchez,34,0,0,0,1,0.5,-0.7,2.3,-0.6,0,1,2.5,2.73
6397,2020,Jake Odorizzi,30,1,0,0,1,4.3,3.6,2.6,1.1,1,1,17.8,18.33
8137,2018,Jaime Garcia,31,0,0,0,1,1.9,1.2,3.9,4.9,0,1,10,10.93
4881,2018,Carlos Gomez,32,1,0,1,0,1.8,1.4,2.2,2.2,0,1,4,4.37
4264,2017,Mark Melancon,32,1,0,0,1,1.8,2.8,3.3,4.2,0,4,62,69.78
1642,2014,Francisco Rodriguez,32,1,0,0,1,0.3,1.1,1.6,1.6,0,1,3.25,4
5114,2019,Jeurys Familia,29,1,6,0,1,1.8,1.5,2.4,1.7,0,3,30,31.83
9817,2015,Sergio Romo,32,1,0,0,1,-0.2,0.2,2,2.8,0,2,15,17.91
1738,2011,Jhonny Peralta,29,0,0,1,0,1.3,2.6,4.1,4.6,0,2,11.25,15.12
1118,2016,Marco Estrada,32,0,0,0,1,1.8,3.8,1.1,1.9,1,2,26,30.14
2170,2012,Chad Qualls,33,0,0,0,1,0,0.3,0.9,-2.2,0,1,1.15,1.5
231,2008,Keith Foulke,35,1,0,0,1,0,0,-0.3,0.6,0,1,7,10.28
670,2007,Dave Roberts,35,0,0,1,0,3.1,3,3.3,3.7,1,3,18,27.23
206,2007,Darren Oliver,36,0,0,0,1,0,1.2,0,-0.6,0,1,1.75,2.65
564,2008,Scott Linebrink,31,0,0,0,1,-0.5,0.6,2.8,3.3,1,4,19,27.9
1795,2011,J.J. Putz,34,1,0,0,1,1.5,1.7,0.7,0.2,0,2,10,13.44
8280,2019,Tony Sipp,35,0,0,0,1,0.8,1.4,-1,-0.8,0,1,1.25,1.33
778,2010,Vladimir Guerrero,35,1,219,1,0,0.5,0.7,5.1,7,0,1,5,6.92
1555,2013,Marco Scutaro,37,0,0,1,0,2.4,2.2,4.8,5.1,0,3,20,25.34
1652,2009,Russ Springer,40,0,0,0,1,0.6,1.3,1.5,2.5,0,1,3.3,4.71
9884,2017,Travis Wood,30,1,0,0,1,0,0.6,2.7,-0.5,0,2,12,13.51
3142,2020,Robinson Chirinos,36,0,0,1,0,2.3,3.8,2.2,4.3,0,1,5.5,5.67
6885,2017,Ian Desmond,31,1,0,1,0,3.5,2.2,5.5,6.1,1,5,70,78.79
550,2007,Geoff Blum,34,0,0,1,0,0.8,1.1,0,-0.7,0,1,0.9,1.36
6316,2019,David Phelps,32,0,0,0,1,0,0,2.6,3.3,0,1,2.5,2.65
2090,2015,Alex Rios,34,1,17,1,0,0.3,0.3,6.9,7.1,0,1,11,13.13
453,2007,John Thomson,33,0,0,0,1,0.4,-0.3,5.2,2.5,0,1,0.5,0.76
332,2011,Austin Kearns,31,0,0,1,0,1.5,0.9,0.3,-1.6,0,1,1.3,1.75
1137,2014,Jerome Williams,32,0,0,0,1,0.3,0.6,1.1,0.2,0,1,2.1,2.58
4962,2016,Asdrubal Cabrera,30,1,0,1,0,2.6,1.6,3.3,3,0,2,18.5,21.45
105,2010,Jason Marquis,31,1,0,0,1,3.2,3.5,3.2,3.2,0,2,15,20.76
941,2011,Miguel Tejada,37,1,3,1,0,0.8,0.7,4.2,3.8,1,1,6.5,8.74
1029,2007,Adam Eaton,29,0,0,0,1,0.4,0.4,4.1,0.5,0,3,24.5,37.06
1417,2012,Ramon Santiago,32,0,0,1,0,1.3,1.6,2.5,3,0,2,4.2,5.48
4020,2016,Yusmeiro Petit,31,0,0,0,1,-0.1,0.6,2.6,1.4,0,1,3,3.48
3551,2017,Clayton Richard,33,0,0,0,1,0.5,0.4,0.4,0.4,0,1,1.75,1.97
583,2009,Jeremy Affeldt,30,0,0,0,1,0.4,1,-0.1,-0.3,0,2,8,11.41
3830,2014,Ricky Nolasco,31,0,0,0,1,3.4,1.9,5.6,2.9,0,4,49,60.26
1122,2012,Joe Nathan,37,1,0,0,1,-0.1,-0.1,1.8,3,0,2,14.5,18.92
1845,2013,Jonny Gomes,32,0,0,1,0,2.3,1.8,1,-0.7,0,2,10,12.67
580,2010,Gregg Zaun,39,0,0,1,0,3.6,1.1,3,3.2,0,1,2.15,2.98
1201,2011,Carl Crawford,29,1,98,1,0,7.7,7,8.7,7.5,1,7,142,190.84
3336,2015,Alberto Callaspo,32,0,0,1,0,-1.3,-1,3.6,4.1,0,1,3,3.58
5203,2016,Mike Pelfrey,32,0,0,0,1,2.3,1.5,1.8,-0.5,0,2,16,18.55
3708,2017,Rajai Davis,36,0,0,1,0,1.7,0.9,3.3,3.2,0,1,6,6.75
520,2007,Alex Gonzalez,30,1,0,1,0,1.6,1.2,1.4,1.6,0,3,14,21.18
120,2011,Dan Wheeler,33,0,0,0,1,0.1,0.3,0.3,2.4,1,1,3,4.03
5524,2020,Madison Bumgarner,30,1,0,0,1,3.2,2.5,3,5.5,1,5,85,87.55
96,2010,Andruw Jones,33,1,0,1,0,0.6,0.3,2.2,1.4,0,1,0.5,0.69
1906,2013,Jason Frasor,35,0,0,0,1,0.2,0.4,0.9,1.8,0,1,1.5,1.9
7080,2013,John Lannan,28,0,0,0,1,0.4,0.3,1.7,0.8,0,1,2.5,3.17
1906,2014,Jason Frasor,36,0,0,0,1,0.7,1.1,0.3,1.5,0,1,1.75,2.15
5760,2019,Avisail Garcia,28,1,0,1,0,0.1,0.4,4.6,5.4,0,1,3.5,3.71
9205,2017,Logan Morrison,29,0,0,1,0,0.5,0.4,0.8,1.3,0,1,2.5,2.81
1930,2012,Casey Kotchman,29,0,0,1,0,2.3,3.6,-1,0.4,0,1,3,3.91
639,2011,Adrian Beltre,32,1,83,1,0,6.4,7.8,6.1,8.9,1,6,96,129.02
4556,2014,James Loney,30,0,0,1,0,2.2,2.5,1.1,1.8,0,3,21,25.83
503,2007,Jeff Weaver,30,0,0,0,1,0.3,-0.8,6.7,4.1,0,1,8.33,12.6
217,2009,Jason Varitek,37,1,0,1,0,-0.1,0.6,3.3,3.1,0,1,5,7.13
7949,2019,Tim Beckham,29,0,0,1,0,-0.5,0.2,4.4,3.2,0,1,1.75,1.86
11200,2020,Kole Calhoun,32,0,0,1,0,2.5,2.4,2.1,2.6,0,2,16,16.48
5279,2018,Chris Tillman,30,1,0,0,1,-0.9,-2.2,4.4,4,0,1,3,3.28
8223,2020,Brett Anderson,32,0,0,0,1,2,2.6,1.7,-0.1,0,1,5,5.15
5015,2013,B.J. Upton,28,0,0,1,0,3.4,2.7,7.7,4.7,1,5,75.25,95.32
1305,2013,Eric Hinske,35,0,0,1,0,-1,-1.1,1.4,0.3,0,1,1.35,1.71
13781,2020,Alex Wood,29,1,0,0,1,-0.2,-0.3,5.5,4.7,0,1,4,4.12
13075,2016,Norichika Aoki,34,0,0,1,0,1.2,1,4,3.8,0,1,5.5,6.38
1329,2007,Chris Woodward,31,0,0,1,0,-0.6,-1,0.6,1,0,1,0.85,1.29
1131,2007,Jason Schmidt,34,1,0,0,1,3.8,4,9.4,8.5,1,3,47,71.09
4866,2018,Jarrod Dyson,33,0,0,1,0,2.1,2.7,4.1,5,0,2,7.5,8.2
1931,2009,Daniel Cabrera,28,0,0,0,1,0.1,0.6,4.2,2.5,0,1,2.6,3.71
1771,2011,Matt Diaz,33,0,0,1,0,0.3,0.6,1.3,0.7,0,2,4.25,5.71
304,2008,Kerry Wood,31,1,0,0,1,0.4,0.4,0.4,0.9,0,1,4.2,6.17
5222,2016,Justin Upton,28,1,10,1,0,3.4,4.2,7.2,5.9,1,6,132.75,153.89
